Exchange;Time;Side;Price;Size;Instrument
Deribit;1596787283;Buy;Market;150;BTC-PERPETUAL
Deribit;1596787283;Buy;Market;-750;BTC-PERPETUAL
Deribit;1596787338;Sell;Market;-600;BTC-PERPETUAL
Deribit;1596787339;Sell;Market;-600;BTC-PERPETUAL
Deribit;1596787341;Sell;Market;-600;BTC-PERPETUAL
Deribit;1596787353;Sell;Market;-600;BTC-PERPETUAL
Deribit;1596787354;Sell;Market;-600;BTC-PERPETUAL
Deribit;1596787355;Sell;Market;-600;BTC-PERPETUAL
Deribit;1596787364;Sell;Market;-600;BTC-PERPETUAL
Deribit;1596787365;Sell;Market;-600;BTC-PERPETUAL
Deribit;1596787368;Sell;Market;-600;BTC-PERPETUAL
Deribit;1596787370;Sell;Market;-600;BTC-PERPETUAL
Deribit;1596787373;Sell;Market;-600;BTC-PERPETUAL
Deribit;1596787374;Sell;Market;-600;BTC-PERPETUAL
Deribit;1596787375;Sell;Market;-600;BTC-PERPETUAL
Deribit;1596787377;Sell;Market;-600;BTC-PERPETUAL
Deribit;1596787379;Sell;Market;-600;BTC-PERPETUAL
Deribit;1596787388;Sell;Market;-600;BTC-PERPETUAL
Deribit;1596787395;Sell;Market;-600;BTC-PERPETUAL
Deribit;1596787398;Sell;Market;-600;BTC-PERPETUAL
Deribit;1596787402;Sell;Market;-600;BTC-PERPETUAL
Deribit;1596787405;Sell;Market;-600;BTC-PERPETUAL
Deribit;1596787408;Sell;Market;-600;BTC-PERPETUAL
Deribit;1596787410;Sell;Market;-600;BTC-PERPETUAL
Deribit;1596787413;Sell;Market;-600;BTC-PERPETUAL
Deribit;1596787414;Sell;Market;-600;BTC-PERPETUAL
Deribit;1596787415;Sell;Market;-600;BTC-PERPETUAL
Deribit;1596787416;Sell;Market;-600;BTC-PERPETUAL
Deribit;1596787418;Sell;Market;-600;BTC-PERPETUAL
Deribit;1596787423;Sell;Market;-600;BTC-PERPETUAL
Deribit;1596787425;Sell;Market;-600;BTC-PERPETUAL
Deribit;1596787427;Sell;Market;-600;BTC-PERPETUAL
Deribit;1596787428;Sell;Market;-600;BTC-PERPETUAL
Deribit;1596787429;Sell;Market;-600;BTC-PERPETUAL
Deribit;1596787432;Sell;Market;-600;BTC-PERPETUAL
Deribit;1596787434;Sell;Market;-600;BTC-PERPETUAL
Deribit;1596787437;Sell;Market;-600;BTC-PERPETUAL
Deribit;1596787438;Sell;Market;-600;BTC-PERPETUAL
Deribit;1596787441;Sell;Market;-600;BTC-PERPETUAL
Deribit;1596787442;Sell;Market;-600;BTC-PERPETUAL
Deribit;1596787445;Sell;Market;-600;BTC-PERPETUAL
Deribit;1596787448;Sell;Market;-600;BTC-PERPETUAL
Deribit;1596787449;Sell;Market;-600;BTC-PERPETUAL
Deribit;1596787450;Sell;Market;-600;BTC-PERPETUAL
Deribit;1596787451;Sell;Market;-600;BTC-PERPETUAL
Deribit;1596787452;Sell;Market;-600;BTC-PERPETUAL
Deribit;1596787460;Sell;Market;-600;BTC-PERPETUAL
Deribit;1596787463;Sell;Market;-600;BTC-PERPETUAL
Deribit;1596787464;Sell;Market;-600;BTC-PERPETUAL
Deribit;1596787468;Sell;Market;-600;BTC-PERPETUAL
Deribit;1596787470;Sell;Market;-600;BTC-PERPETUAL
Deribit;1596787472;Sell;Market;-600;BTC-PERPETUAL
Deribit;1596787474;Sell;Market;-600;BTC-PERPETUAL
Deribit;1596787483;Sell;Market;-600;BTC-PERPETUAL
Deribit;1596787485;Sell;Market;-600;BTC-PERPETUAL
Deribit;1596787486;Sell;Market;-600;BTC-PERPETUAL
Deribit;1596787487;Sell;Market;-600;BTC-PERPETUAL
Deribit;1596787489;Sell;Market;-600;BTC-PERPETUAL
Deribit;1596787490;Sell;Market;-600;BTC-PERPETUAL
Deribit;1596787491;Sell;Market;-600;BTC-PERPETUAL
Deribit;1596787492;Sell;Market;-600;BTC-PERPETUAL
Deribit;1596787493;Sell;Market;-600;BTC-PERPETUAL
Deribit;1596787496;Sell;Market;-600;BTC-PERPETUAL
Deribit;1596787498;Sell;Market;-600;BTC-PERPETUAL
Deribit;1596787499;Sell;Market;-600;BTC-PERPETUAL
Deribit;1596787501;Sell;Market;-600;BTC-PERPETUAL
Deribit;1596787502;Sell;Market;-600;BTC-PERPETUAL
Deribit;1596787503;Sell;Market;-600;BTC-PERPETUAL
Deribit;1596787504;Sell;Market;-600;BTC-PERPETUAL
Deribit;1596787505;Sell;Market;-600;BTC-PERPETUAL
Deribit;1596787508;Sell;Market;-600;BTC-PERPETUAL
Deribit;1596787509;Sell;Market;-600;BTC-PERPETUAL
Deribit;1596787510;Sell;Market;-600;BTC-PERPETUAL
Deribit;1596787512;Sell;Market;-600;BTC-PERPETUAL
Deribit;1596787513;Sell;Market;-600;BTC-PERPETUAL
Deribit;1596787514;Sell;Market;-600;BTC-PERPETUAL
Deribit;1596787517;Sell;Market;-600;BTC-PERPETUAL
Deribit;1596787518;Sell;Market;-600;BTC-PERPETUAL
Deribit;1596787519;Sell;Market;-600;BTC-PERPETUAL
Deribit;1596787520;Sell;Market;-600;BTC-PERPETUAL
Deribit;1596787521;Sell;Market;-600;BTC-PERPETUAL
Deribit;1596787522;Sell;Market;-600;BTC-PERPETUAL
Deribit;1596787523;Sell;Market;-600;BTC-PERPETUAL
Deribit;1596787524;Sell;Market;-600;BTC-PERPETUAL
Deribit;1596787525;Sell;Market;-600;BTC-PERPETUAL
Deribit;1596787526;Sell;Market;-600;BTC-PERPETUAL
Deribit;1596787532;Sell;Market;-600;BTC-PERPETUAL
Deribit;1596787533;Sell;Market;150;BTC-PERPETUAL
Deribit;1596787537;Sell;Market;-750;BTC-PERPETUAL
Deribit;1596787538;Sell;Market;-750;BTC-PERPETUAL
Deribit;1596788057;Buy;Market;150;BTC-PERPETUAL
Deribit;1596788057;Buy;Market;-750;BTC-PERPETUAL
Deribit;1596788059;Buy;Market;150;BTC-PERPETUAL
Deribit;1596788059;Buy;Market;-600;BTC-PERPETUAL
Deribit;1596788061;Buy;Market;150;BTC-PERPETUAL
Deribit;1596788061;Buy;Market;-450;BTC-PERPETUAL
Deribit;1596788062;Buy;Market;150;BTC-PERPETUAL
Deribit;1596788062;Buy;Market;-450;BTC-PERPETUAL
Deribit;1596788064;Buy;Market;150;BTC-PERPETUAL
Deribit;1596788064;Buy;Market;-150;BTC-PERPETUAL
Deribit;1596788066;Buy;Market;150;BTC-PERPETUAL
Deribit;1596788161;Sell;Market;150;BTC-PERPETUAL
Deribit;1596788162;Buy;Market;150;BTC-PERPETUAL
Deribit;1596788163;Buy;Market;150;BTC-PERPETUAL
Deribit;1596788164;Buy;Market;150;BTC-PERPETUAL
Deribit;1596788165;Buy;Market;150;BTC-PERPETUAL
Deribit;1596788182;Sell;Market;600;BTC-PERPETUAL
Deribit;1596788183;Sell;Market;600;BTC-PERPETUAL
Deribit;1596788184;Buy;Market;150;BTC-PERPETUAL
Deribit;1596788185;Buy;Market;150;BTC-PERPETUAL
Deribit;1596788185;Buy;Market;-600;BTC-PERPETUAL
Deribit;1596788186;Buy;Market;150;BTC-PERPETUAL
Deribit;1596788186;Buy;Market;-600;BTC-PERPETUAL
Deribit;1596788187;Buy;Market;150;BTC-PERPETUAL
Deribit;1596788187;Buy;Market;-150;BTC-PERPETUAL
Deribit;1596788188;Buy;Market;150;BTC-PERPETUAL
Deribit;1596788188;Buy;Market;-150;BTC-PERPETUAL
Deribit;1596788208;Buy;Market;150;BTC-PERPETUAL
Deribit;1596788209;Sell;Market;150;BTC-PERPETUAL
Deribit;1596788211;Sell;Market;150;BTC-PERPETUAL
Deribit;1596788211;Sell;Market;150;BTC-PERPETUAL
Deribit;1596788212;Sell;Market;150;BTC-PERPETUAL
Deribit;1596788212;Sell;Market;150;BTC-PERPETUAL
Deribit;1596788213;Sell;Market;150;BTC-PERPETUAL
Deribit;1596788213;Sell;Market;150;BTC-PERPETUAL
Deribit;1596788214;Sell;Market;150;BTC-PERPETUAL
Deribit;1596788214;Sell;Market;150;BTC-PERPETUAL
Deribit;1596788217;Sell;Market;150;BTC-PERPETUAL
Deribit;1596788217;Sell;Market;150;BTC-PERPETUAL
Deribit;1596788221;Sell;Market;150;BTC-PERPETUAL
Deribit;1596788221;Sell;Market;150;BTC-PERPETUAL
Deribit;1596788224;Buy;Market;150;BTC-PERPETUAL
Deribit;1596788224;Buy;Market;-1650;BTC-PERPETUAL
Deribit;1596788232;Buy;Market;150;BTC-PERPETUAL
Deribit;1596788232;Buy;Market;-1500;BTC-PERPETUAL
Deribit;1596788237;Buy;Market;150;BTC-PERPETUAL
Deribit;1596788237;Buy;Market;-1350;BTC-PERPETUAL
Deribit;1596788244;Buy;Market;150;BTC-PERPETUAL
Deribit;1596788244;Buy;Market;-1200;BTC-PERPETUAL
Deribit;1596788245;Sell;Market;150;BTC-PERPETUAL
Deribit;1596788247;Sell;Market;150;BTC-PERPETUAL
Deribit;1596788248;Sell;Market;150;BTC-PERPETUAL
Deribit;1596788250;Sell;Market;150;BTC-PERPETUAL
Deribit;1596788250;Sell;Market;150;BTC-PERPETUAL
Deribit;1596788251;Sell;Market;150;BTC-PERPETUAL
Deribit;1596788253;Sell;Market;150;BTC-PERPETUAL
Deribit;1596788253;Sell;Market;150;BTC-PERPETUAL
Deribit;1596788254;Sell;Market;150;BTC-PERPETUAL
Deribit;1596788256;Sell;Market;150;BTC-PERPETUAL
Deribit;1596788256;Sell;Market;150;BTC-PERPETUAL
Deribit;1596788257;Sell;Market;150;BTC-PERPETUAL
Deribit;1596788259;Sell;Market;150;BTC-PERPETUAL
Deribit;1596788260;Sell;Market;150;BTC-PERPETUAL
Deribit;1596788260;Sell;Market;150;BTC-PERPETUAL
Deribit;1596788262;Sell;Market;150;BTC-PERPETUAL
Deribit;1596788263;Sell;Market;150;BTC-PERPETUAL
Deribit;1596788264;Sell;Market;150;BTC-PERPETUAL
Deribit;1596788265;Sell;Market;150;BTC-PERPETUAL
Deribit;1596788266;Sell;Market;150;BTC-PERPETUAL
Deribit;1596788267;Sell;Market;150;BTC-PERPETUAL
Deribit;1596788268;Sell;Market;150;BTC-PERPETUAL
Deribit;1596788269;Sell;Market;150;BTC-PERPETUAL
Deribit;1596788272;Sell;Market;-4500;BTC-PERPETUAL
Deribit;1596788273;Sell;Market;-4500;BTC-PERPETUAL
Deribit;1596788274;Sell;Market;-4500;BTC-PERPETUAL
Deribit;1596788276;Sell;Market;-4500;BTC-PERPETUAL
Deribit;1596788285;Sell;Market;-4500;BTC-PERPETUAL
Deribit;1596788285;Buy;Market;150;BTC-PERPETUAL
Deribit;1596788285;Buy;Market;-4500;BTC-PERPETUAL
Deribit;1596788286;Sell;Market;-4500;BTC-PERPETUAL
Deribit;1596788286;Buy;Market;150;BTC-PERPETUAL
Deribit;1596788286;Buy;Market;-4500;BTC-PERPETUAL
Deribit;1596788287;Sell;Market;-4350;BTC-PERPETUAL
Deribit;1596788287;Buy;Market;150;BTC-PERPETUAL
Deribit;1596788287;Buy;Market;-4350;BTC-PERPETUAL
Deribit;1596788289;Sell;Market;-4050;BTC-PERPETUAL
Deribit;1596788289;Buy;Market;150;BTC-PERPETUAL
Deribit;1596788289;Buy;Market;-4050;BTC-PERPETUAL
Deribit;1596788290;Sell;Market;-4050;BTC-PERPETUAL
Deribit;1596788290;Buy;Market;150;BTC-PERPETUAL
Deribit;1596788290;Buy;Market;-4050;BTC-PERPETUAL
Deribit;1596788291;Sell;Market;-4050;BTC-PERPETUAL
Deribit;1596788291;Buy;Market;-4050;BTC-PERPETUAL
Deribit;1596788291;Buy;Market;150;BTC-PERPETUAL
Deribit;1596788292;Sell;Market;-4050;BTC-PERPETUAL
Deribit;1596788292;Buy;Market;150;BTC-PERPETUAL
Deribit;1596788292;Buy;Market;-4050;BTC-PERPETUAL
Deribit;1596788293;Sell;Market;-3600;BTC-PERPETUAL
Deribit;1596788293;Buy;Market;150;BTC-PERPETUAL
Deribit;1596788293;Buy;Market;-3600;BTC-PERPETUAL
Deribit;1596788294;Sell;Market;-3450;BTC-PERPETUAL
Deribit;1596788294;Buy;Market;150;BTC-PERPETUAL
Deribit;1596788294;Buy;Market;-3450;BTC-PERPETUAL
Deribit;1596788295;Sell;Market;-3300;BTC-PERPETUAL
Deribit;1596788295;Buy;Market;150;BTC-PERPETUAL
Deribit;1596788295;Buy;Market;-3300;BTC-PERPETUAL
Deribit;1596788296;Sell;Market;-3150;BTC-PERPETUAL
Deribit;1596788296;Buy;Market;150;BTC-PERPETUAL
Deribit;1596788296;Buy;Market;-3150;BTC-PERPETUAL
Deribit;1596788297;Sell;Market;-3000;BTC-PERPETUAL
Deribit;1596788297;Buy;Market;150;BTC-PERPETUAL
Deribit;1596788297;Buy;Market;-3000;BTC-PERPETUAL
Deribit;1596788298;Sell;Market;-2850;BTC-PERPETUAL
Deribit;1596788298;Buy;Market;150;BTC-PERPETUAL
Deribit;1596788298;Buy;Market;-2850;BTC-PERPETUAL
Deribit;1596788299;Sell;Market;-2850;BTC-PERPETUAL
Deribit;1596788299;Buy;Market;150;BTC-PERPETUAL
Deribit;1596788299;Buy;Market;-2850;BTC-PERPETUAL
Deribit;1596788300;Sell;Market;-2850;BTC-PERPETUAL
Deribit;1596788300;Buy;Market;150;BTC-PERPETUAL
Deribit;1596788300;Buy;Market;-2850;BTC-PERPETUAL
Deribit;1596788302;Buy;Market;150;BTC-PERPETUAL
Deribit;1596788302;Buy;Market;-2250;BTC-PERPETUAL
Deribit;1596788305;Buy;Market;150;BTC-PERPETUAL
Deribit;1596788305;Buy;Market;-2100;BTC-PERPETUAL
Deribit;1596788309;Buy;Market;150;BTC-PERPETUAL
Deribit;1596788309;Buy;Market;-2100;BTC-PERPETUAL
Deribit;1596788310;Buy;Market;150;BTC-PERPETUAL
Deribit;1596788310;Buy;Market;-2100;BTC-PERPETUAL
Deribit;1596788311;Buy;Market;150;BTC-PERPETUAL
Deribit;1596788311;Buy;Market;-2100;BTC-PERPETUAL
Deribit;1596788312;Buy;Market;150;BTC-PERPETUAL
Deribit;1596788312;Buy;Market;-2100;BTC-PERPETUAL
Deribit;1596788316;Buy;Market;150;BTC-PERPETUAL
Deribit;1596788316;Buy;Market;-1350;BTC-PERPETUAL
Deribit;1596788319;Buy;Market;150;BTC-PERPETUAL
Deribit;1596788319;Buy;Market;-1200;BTC-PERPETUAL
Deribit;1596788320;Buy;Market;150;BTC-PERPETUAL
Deribit;1596788320;Buy;Market;-1200;BTC-PERPETUAL
Deribit;1596788321;Buy;Market;150;BTC-PERPETUAL
Deribit;1596788321;Buy;Market;-1200;BTC-PERPETUAL
Deribit;1596788324;Buy;Market;150;BTC-PERPETUAL
Deribit;1596788324;Buy;Market;-750;BTC-PERPETUAL
Deribit;1596788325;Buy;Market;150;BTC-PERPETUAL
Deribit;1596788325;Buy;Market;-750;BTC-PERPETUAL
Deribit;1596788327;Buy;Market;150;BTC-PERPETUAL
Deribit;1596788327;Buy;Market;-750;BTC-PERPETUAL
Deribit;1596788328;Buy;Market;150;BTC-PERPETUAL
Deribit;1596788328;Buy;Market;-750;BTC-PERPETUAL
Deribit;1596788329;Buy;Market;150;BTC-PERPETUAL
Deribit;1596788329;Buy;Market;-750;BTC-PERPETUAL
Deribit;1596788333;Buy;Market;150;BTC-PERPETUAL
Deribit;1596788333;Buy;Market;-750;BTC-PERPETUAL
Deribit;1596788334;Buy;Market;150;BTC-PERPETUAL
Deribit;1596788334;Buy;Market;-750;BTC-PERPETUAL
Deribit;1596788366;Sell;Market;150;BTC-PERPETUAL
Deribit;1596788366;Sell;Market;300;BTC-PERPETUAL
Deribit;1596788386;Buy;Market;150;BTC-PERPETUAL
Deribit;1596788386;Buy;Market;-150;BTC-PERPETUAL
Deribit;1596788387;Sell;Market;150;BTC-PERPETUAL
Deribit;1596788388;Buy;Market;150;BTC-PERPETUAL
Deribit;1596788389;Buy;Market;150;BTC-PERPETUAL
Deribit;1596788390;Buy;Market;150;BTC-PERPETUAL
Deribit;1596788391;Buy;Market;150;BTC-PERPETUAL
Deribit;1596788392;Buy;Market;150;BTC-PERPETUAL
Deribit;1596788393;Buy;Market;150;BTC-PERPETUAL
Deribit;1596788395;Buy;Market;150;BTC-PERPETUAL
Deribit;1596788395;Buy;Market;150;BTC-PERPETUAL
Deribit;1596788398;Buy;Market;150;BTC-PERPETUAL
Deribit;1596788399;Buy;Market;150;BTC-PERPETUAL
Deribit;1596788399;Buy;Market;150;BTC-PERPETUAL
Deribit;1596788401;Buy;Market;150;BTC-PERPETUAL
Deribit;1596788401;Buy;Market;150;BTC-PERPETUAL
Deribit;1596788403;Buy;Market;150;BTC-PERPETUAL
Deribit;1596788404;Buy;Market;150;BTC-PERPETUAL
Deribit;1596788405;Buy;Market;150;BTC-PERPETUAL
Deribit;1596788407;Buy;Market;150;BTC-PERPETUAL
Deribit;1596788408;Buy;Market;150;BTC-PERPETUAL
Deribit;1596788410;Sell;Market;2550;BTC-PERPETUAL
Deribit;1596788411;Sell;Market;2550;BTC-PERPETUAL
Deribit;1596788413;Buy;Market;150;BTC-PERPETUAL
Deribit;1596788413;Buy;Market;-2550;BTC-PERPETUAL
Deribit;1596788414;Buy;Market;150;BTC-PERPETUAL
Deribit;1596788414;Buy;Market;-2550;BTC-PERPETUAL
Deribit;1596788415;Buy;Market;150;BTC-PERPETUAL
Deribit;1596788415;Buy;Market;-2550;BTC-PERPETUAL
Deribit;1596788416;Buy;Market;150;BTC-PERPETUAL
Deribit;1596788416;Buy;Market;-2550;BTC-PERPETUAL
Deribit;1596788418;Buy;Market;-2550;BTC-PERPETUAL
Deribit;1596788418;Buy;Market;150;BTC-PERPETUAL
Deribit;1596788419;Buy;Market;150;BTC-PERPETUAL
Deribit;1596788419;Buy;Market;-2550;BTC-PERPETUAL
Deribit;1596788420;Buy;Market;150;BTC-PERPETUAL
Deribit;1596788420;Buy;Market;-2550;BTC-PERPETUAL
Deribit;1596788421;Buy;Market;150;BTC-PERPETUAL
Deribit;1596788421;Buy;Market;-2550;BTC-PERPETUAL
Deribit;1596788422;Buy;Market;150;BTC-PERPETUAL
Deribit;1596788422;Buy;Market;-2550;BTC-PERPETUAL
Deribit;1596788423;Buy;Market;150;BTC-PERPETUAL
Deribit;1596788423;Buy;Market;-2550;BTC-PERPETUAL
Deribit;1596788424;Buy;Market;150;BTC-PERPETUAL
Deribit;1596788424;Buy;Market;-2550;BTC-PERPETUAL
Deribit;1596788426;Buy;Market;150;BTC-PERPETUAL
Deribit;1596788426;Buy;Market;-2550;BTC-PERPETUAL
Deribit;1596788427;Buy;Market;150;BTC-PERPETUAL
Deribit;1596788427;Buy;Market;-2550;BTC-PERPETUAL
Deribit;1596788429;Buy;Market;150;BTC-PERPETUAL
Deribit;1596788429;Buy;Market;-2550;BTC-PERPETUAL
Deribit;1596788430;Buy;Market;150;BTC-PERPETUAL
Deribit;1596788430;Buy;Market;-2550;BTC-PERPETUAL
Deribit;1596788431;Buy;Market;150;BTC-PERPETUAL
Deribit;1596788431;Buy;Market;-2550;BTC-PERPETUAL
Deribit;1596788432;Buy;Market;-2550;BTC-PERPETUAL
Deribit;1596788432;Buy;Market;150;BTC-PERPETUAL
Deribit;1596788433;Buy;Market;150;BTC-PERPETUAL
Deribit;1596788433;Buy;Market;-2550;BTC-PERPETUAL
Deribit;1596788434;Buy;Market;150;BTC-PERPETUAL
Deribit;1596788434;Buy;Market;-2550;BTC-PERPETUAL
Deribit;1596788436;Buy;Market;150;BTC-PERPETUAL
Deribit;1596788436;Buy;Market;-2550;BTC-PERPETUAL
ByBit;1596788454;Buy;Market;500;BTCUSD
Deribit;1596788931;Sell;Market;450;BTC-PERPETUAL
Deribit;1596788931;Sell;Market;150;BTC-PERPETUAL
Deribit;1596788931;Sell;Market;450;BTC-PERPETUAL
ByBit;1596788933;Buy;Market;500;BTCUSD
Deribit;1596788963;Sell;Market;150;BTC-PERPETUAL
Deribit;1596788963;Sell;Market;150;BTC-PERPETUAL
ByBit;1596788964;Buy;Market;500;BTCUSD
Deribit;1596788964;Sell;Market;150;BTC-PERPETUAL
Deribit;1596788966;Sell;Market;150;BTC-PERPETUAL
ByBit;1596788967;Buy;Market;500;BTCUSD
Deribit;1596788967;Sell;Market;150;BTC-PERPETUAL
Deribit;1596788968;Sell;Market;150;BTC-PERPETUAL
Deribit;1596788968;Sell;Market;150;BTC-PERPETUAL
ByBit;1596788970;Buy;Market;500;BTCUSD
Deribit;1596788970;Sell;Market;150;BTC-PERPETUAL
Deribit;1596788970;Sell;Market;150;BTC-PERPETUAL
Deribit;1596788972;Sell;Market;150;BTC-PERPETUAL
ByBit;1596788973;Buy;Market;500;BTCUSD
ByBit;1596788976;Buy;Market;500;BTCUSD
Deribit;1596788976;Sell;Market;150;BTC-PERPETUAL
Deribit;1596788978;Sell;Market;150;BTC-PERPETUAL
ByBit;1596788979;Buy;Market;500;BTCUSD
Deribit;1596788981;Sell;Market;-2400;BTC-PERPETUAL
Deribit;1596788982;Sell;Market;-2400;BTC-PERPETUAL
Deribit;1596788983;Sell;Market;-2400;BTC-PERPETUAL
Deribit;1596788983;Buy;Market;150;BTC-PERPETUAL
Deribit;1596788983;Buy;Market;-2400;BTC-PERPETUAL
Deribit;1596788984;Sell;Market;-2400;BTC-PERPETUAL
Deribit;1596788984;Buy;Market;150;BTC-PERPETUAL
Deribit;1596788984;Buy;Market;-2400;BTC-PERPETUAL
Deribit;1596788985;Sell;Market;-2250;BTC-PERPETUAL
Deribit;1596788985;Buy;Market;150;BTC-PERPETUAL
Deribit;1596788985;Buy;Market;-2250;BTC-PERPETUAL
Deribit;1596788986;Sell;Market;-2250;BTC-PERPETUAL
Deribit;1596788987;Sell;Market;-1950;BTC-PERPETUAL
Deribit;1596788988;Sell;Market;-1950;BTC-PERPETUAL
Deribit;1596788989;Sell;Market;-1950;BTC-PERPETUAL
Deribit;1596788990;Sell;Market;-1950;BTC-PERPETUAL
Deribit;1596788991;Sell;Market;-1950;BTC-PERPETUAL
Deribit;1596788993;Sell;Market;-1950;BTC-PERPETUAL
Deribit;1596788994;Sell;Market;-1950;BTC-PERPETUAL
Deribit;1596788995;Sell;Market;-1950;BTC-PERPETUAL
Deribit;1596788996;Sell;Market;-1950;BTC-PERPETUAL
Deribit;1596788999;Sell;Market;-1950;BTC-PERPETUAL
Deribit;1596789000;Sell;Market;-1950;BTC-PERPETUAL
Deribit;1596789002;Sell;Market;-1950;BTC-PERPETUAL
Deribit;1596789003;Sell;Market;-1950;BTC-PERPETUAL
Deribit;1596789004;Sell;Market;-1950;BTC-PERPETUAL
Deribit;1596789007;Sell;Market;-1950;BTC-PERPETUAL
Deribit;1596789009;Sell;Market;-1950;BTC-PERPETUAL
Deribit;1596789012;Sell;Market;-1950;BTC-PERPETUAL
Deribit;1596789016;Sell;Market;-1950;BTC-PERPETUAL
Deribit;1596789018;Sell;Market;-1950;BTC-PERPETUAL
Deribit;1596789021;Sell;Market;-1950;BTC-PERPETUAL
Deribit;1596789022;Sell;Market;-1950;BTC-PERPETUAL
Deribit;1596789025;Sell;Market;-1950;BTC-PERPETUAL
Deribit;1596789026;Sell;Market;-1950;BTC-PERPETUAL
Deribit;1596789027;Sell;Market;-1950;BTC-PERPETUAL
Deribit;1596789028;Sell;Market;-1950;BTC-PERPETUAL
Deribit;1596789029;Sell;Market;-1950;BTC-PERPETUAL
Deribit;1596789030;Sell;Market;-1950;BTC-PERPETUAL
Deribit;1596789032;Sell;Market;-1950;BTC-PERPETUAL
Deribit;1596789036;Sell;Market;-1950;BTC-PERPETUAL
Deribit;1596789040;Sell;Market;-1950;BTC-PERPETUAL
Deribit;1596789042;Sell;Market;-1950;BTC-PERPETUAL
Deribit;1596789043;Sell;Market;-1950;BTC-PERPETUAL
Deribit;1596789044;Sell;Market;-1950;BTC-PERPETUAL
Deribit;1596789045;Sell;Market;-1950;BTC-PERPETUAL
Deribit;1596789047;Sell;Market;-1950;BTC-PERPETUAL
Deribit;1596789049;Sell;Market;-1950;BTC-PERPETUAL
Deribit;1596789049;Buy;Market;150;BTC-PERPETUAL
Deribit;1596789049;Buy;Market;-1950;BTC-PERPETUAL
Deribit;1596789050;Buy;Market;150;BTC-PERPETUAL
Deribit;1596789050;Buy;Market;-1800;BTC-PERPETUAL
Deribit;1596789052;Buy;Market;150;BTC-PERPETUAL
Deribit;1596789052;Buy;Market;-1650;BTC-PERPETUAL
Deribit;1596789058;Buy;Market;150;BTC-PERPETUAL
Deribit;1596789058;Buy;Market;-1650;BTC-PERPETUAL
Deribit;1596789070;Buy;Market;150;BTC-PERPETUAL
Deribit;1596789070;Buy;Market;-1350;BTC-PERPETUAL
Deribit;1596789075;Buy;Market;150;BTC-PERPETUAL
Deribit;1596789075;Buy;Market;-1200;BTC-PERPETUAL
Deribit;1596789076;Buy;Market;150;BTC-PERPETUAL
Deribit;1596789076;Buy;Market;-1200;BTC-PERPETUAL
Deribit;1596789077;Buy;Market;150;BTC-PERPETUAL
Deribit;1596789077;Buy;Market;-900;BTC-PERPETUAL
Deribit;1596789078;Buy;Market;150;BTC-PERPETUAL
Deribit;1596789078;Buy;Market;-900;BTC-PERPETUAL
Deribit;1596789079;Buy;Market;150;BTC-PERPETUAL
Deribit;1596789079;Buy;Market;-900;BTC-PERPETUAL
Deribit;1596789081;Buy;Market;150;BTC-PERPETUAL
Deribit;1596789081;Buy;Market;-450;BTC-PERPETUAL
Deribit;1596789082;Buy;Market;150;BTC-PERPETUAL
Deribit;1596789082;Buy;Market;-300;BTC-PERPETUAL
Deribit;1596789083;Buy;Market;150;BTC-PERPETUAL
Deribit;1596789083;Buy;Market;-300;BTC-PERPETUAL
Deribit;1596789085;Buy;Market;150;BTC-PERPETUAL
Deribit;1596789085;Buy;Market;-300;BTC-PERPETUAL
Deribit;1596789087;Buy;Market;150;BTC-PERPETUAL
Deribit;1596789087;Buy;Market;-300;BTC-PERPETUAL
Deribit;1596789095;Buy;Market;150;BTC-PERPETUAL
Deribit;1596789096;Buy;Market;150;BTC-PERPETUAL
Deribit;1596789097;Buy;Market;150;BTC-PERPETUAL
Deribit;1596789098;Buy;Market;150;BTC-PERPETUAL
Deribit;1596789099;Buy;Market;150;BTC-PERPETUAL
Deribit;1596789100;Buy;Market;150;BTC-PERPETUAL
Deribit;1596789101;Sell;Market;1200;BTC-PERPETUAL
Deribit;1596789102;Buy;Market;150;BTC-PERPETUAL
Deribit;1596789103;Buy;Market;150;BTC-PERPETUAL
Deribit;1596789104;Buy;Market;150;BTC-PERPETUAL
ByBit;1596789105;Buy;Market;500;BTCUSD
Deribit;1596789106;Sell;Market;150;BTC-PERPETUAL
Deribit;1596789107;Buy;Market;150;BTC-PERPETUAL
ByBit;1596789108;Buy;Market;500;BTCUSD
Deribit;1596789109;Buy;Market;150;BTC-PERPETUAL
Deribit;1596789109;Buy;Market;150;BTC-PERPETUAL
Deribit;1596789111;Buy;Market;150;BTC-PERPETUAL
Deribit;1596789112;Buy;Market;150;BTC-PERPETUAL
Deribit;1596789114;Buy;Market;150;BTC-PERPETUAL
Deribit;1596789114;Buy;Market;150;BTC-PERPETUAL
Deribit;1596789115;Buy;Market;150;BTC-PERPETUAL
Deribit;1596789117;Buy;Market;150;BTC-PERPETUAL
Deribit;1596789118;Buy;Market;150;BTC-PERPETUAL
Deribit;1596789127;Sell;Market;150;BTC-PERPETUAL
Deribit;1596789127;Sell;Market;1800;BTC-PERPETUAL
Deribit;1596789128;Sell;Market;150;BTC-PERPETUAL
Deribit;1596789128;Sell;Market;1800;BTC-PERPETUAL
Deribit;1596789129;Sell;Market;150;BTC-PERPETUAL
Deribit;1596789129;Sell;Market;1800;BTC-PERPETUAL
Deribit;1596789130;Sell;Market;150;BTC-PERPETUAL
Deribit;1596789130;Sell;Market;1800;BTC-PERPETUAL
ByBit;1596789138;Buy;Market;500;BTCUSD
Deribit;1596789142;Buy;Market;150;BTC-PERPETUAL
Deribit;1596789142;Buy;Market;-6000;BTC-PERPETUAL
Deribit;1596789143;Buy;Market;150;BTC-PERPETUAL
Deribit;1596789143;Buy;Market;-6000;BTC-PERPETUAL
Deribit;1596789144;Buy;Market;150;BTC-PERPETUAL
Deribit;1596789144;Buy;Market;-6000;BTC-PERPETUAL
Deribit;1596789145;Buy;Market;150;BTC-PERPETUAL
Deribit;1596789145;Buy;Market;-6000;BTC-PERPETUAL
Deribit;1596789146;Buy;Market;150;BTC-PERPETUAL
Deribit;1596789146;Buy;Market;-6000;BTC-PERPETUAL
Deribit;1596789147;Buy;Market;150;BTC-PERPETUAL
Deribit;1596789147;Buy;Market;-6000;BTC-PERPETUAL
Deribit;1596789148;Buy;Market;150;BTC-PERPETUAL
Deribit;1596789148;Buy;Market;-6000;BTC-PERPETUAL
Deribit;1596789149;Buy;Market;150;BTC-PERPETUAL
Deribit;1596789149;Buy;Market;-6000;BTC-PERPETUAL
Deribit;1596789150;Buy;Market;150;BTC-PERPETUAL
Deribit;1596789150;Buy;Market;-4950;BTC-PERPETUAL
Deribit;1596789151;Buy;Market;150;BTC-PERPETUAL
Deribit;1596789151;Buy;Market;-4800;BTC-PERPETUAL
Deribit;1596789152;Buy;Market;150;BTC-PERPETUAL
Deribit;1596789152;Buy;Market;-4650;BTC-PERPETUAL
Deribit;1596789158;Buy;Market;150;BTC-PERPETUAL
Deribit;1596789158;Buy;Market;-4350;BTC-PERPETUAL
Deribit;1596789159;Buy;Market;150;BTC-PERPETUAL
Deribit;1596789159;Buy;Market;-4350;BTC-PERPETUAL
Deribit;1596789160;Buy;Market;150;BTC-PERPETUAL
Deribit;1596789160;Buy;Market;-4200;BTC-PERPETUAL
Deribit;1596789161;Buy;Market;150;BTC-PERPETUAL
Deribit;1596789161;Buy;Market;-4050;BTC-PERPETUAL
Deribit;1596789165;Buy;Market;150;BTC-PERPETUAL
Deribit;1596789165;Buy;Market;-3750;BTC-PERPETUAL
Deribit;1596789167;Buy;Market;150;BTC-PERPETUAL
Deribit;1596789167;Buy;Market;-3600;BTC-PERPETUAL
Deribit;1596789168;Buy;Market;150;BTC-PERPETUAL
Deribit;1596789168;Buy;Market;-3600;BTC-PERPETUAL
Deribit;1596789169;Buy;Market;150;BTC-PERPETUAL
Deribit;1596789169;Buy;Market;-3450;BTC-PERPETUAL
Deribit;1596789170;Buy;Market;150;BTC-PERPETUAL
Deribit;1596789170;Buy;Market;-3300;BTC-PERPETUAL
Deribit;1596789171;Buy;Market;150;BTC-PERPETUAL
Deribit;1596789171;Buy;Market;-3300;BTC-PERPETUAL
Deribit;1596789172;Buy;Market;150;BTC-PERPETUAL
Deribit;1596789172;Buy;Market;-3000;BTC-PERPETUAL
Deribit;1596789173;Buy;Market;150;BTC-PERPETUAL
Deribit;1596789173;Buy;Market;-3000;BTC-PERPETUAL
Deribit;1596789174;Buy;Market;-3000;BTC-PERPETUAL
Deribit;1596789174;Buy;Market;150;BTC-PERPETUAL
Deribit;1596789175;Buy;Market;-3000;BTC-PERPETUAL
Deribit;1596789175;Buy;Market;150;BTC-PERPETUAL
Deribit;1596789176;Buy;Market;150;BTC-PERPETUAL
Deribit;1596789176;Buy;Market;-3000;BTC-PERPETUAL
Deribit;1596789177;Buy;Market;150;BTC-PERPETUAL
Deribit;1596789177;Buy;Market;-3000;BTC-PERPETUAL
Deribit;1596789182;Buy;Market;150;BTC-PERPETUAL
Deribit;1596789182;Buy;Market;-1950;BTC-PERPETUAL
Deribit;1596789184;Buy;Market;150;BTC-PERPETUAL
Deribit;1596789184;Buy;Market;-1950;BTC-PERPETUAL
Deribit;1596789185;Buy;Market;150;BTC-PERPETUAL
Deribit;1596789185;Buy;Market;-1950;BTC-PERPETUAL
Deribit;1596789187;Buy;Market;150;BTC-PERPETUAL
Deribit;1596789187;Buy;Market;-1950;BTC-PERPETUAL
Deribit;1596789190;Buy;Market;150;BTC-PERPETUAL
Deribit;1596789190;Buy;Market;-1350;BTC-PERPETUAL
Deribit;1596789191;Buy;Market;150;BTC-PERPETUAL
Deribit;1596789191;Buy;Market;-1350;BTC-PERPETUAL
Deribit;1596789196;Buy;Market;-1050;BTC-PERPETUAL
Deribit;1596789196;Buy;Market;150;BTC-PERPETUAL
Deribit;1596789198;Buy;Market;150;BTC-PERPETUAL
Deribit;1596789198;Buy;Market;-900;BTC-PERPETUAL
Deribit;1596789199;Buy;Market;150;BTC-PERPETUAL
Deribit;1596789199;Buy;Market;-900;BTC-PERPETUAL
Deribit;1596789200;Buy;Market;150;BTC-PERPETUAL
Deribit;1596789200;Buy;Market;-600;BTC-PERPETUAL
Deribit;1596789203;Buy;Market;150;BTC-PERPETUAL
Deribit;1596789203;Buy;Market;-450;BTC-PERPETUAL
Deribit;1596789204;Buy;Market;150;BTC-PERPETUAL
Deribit;1596789204;Buy;Market;-300;BTC-PERPETUAL
Deribit;1596789205;Buy;Market;150;BTC-PERPETUAL
Deribit;1596789205;Buy;Market;-150;BTC-PERPETUAL
Deribit;1596789206;Buy;Market;150;BTC-PERPETUAL
Deribit;1596789247;Sell;Market;150;BTC-PERPETUAL
Deribit;1596789247;Sell;Market;150;BTC-PERPETUAL
Deribit;1596789248;Sell;Market;150;BTC-PERPETUAL
Deribit;1596789248;Sell;Market;150;BTC-PERPETUAL
Deribit;1596789249;Sell;Market;150;BTC-PERPETUAL
Deribit;1596789249;Sell;Market;150;BTC-PERPETUAL
Deribit;1596789250;Sell;Market;150;BTC-PERPETUAL
Deribit;1596789251;Sell;Market;150;BTC-PERPETUAL
Deribit;1596789252;Sell;Market;150;BTC-PERPETUAL
Deribit;1596789252;Sell;Market;150;BTC-PERPETUAL
Deribit;1596789279;Buy;Market;150;BTC-PERPETUAL
Deribit;1596789279;Buy;Market;-1350;BTC-PERPETUAL
Deribit;1596789282;Buy;Market;150;BTC-PERPETUAL
Deribit;1596789282;Buy;Market;-1350;BTC-PERPETUAL
Deribit;1596789283;Buy;Market;150;BTC-PERPETUAL
Deribit;1596789283;Buy;Market;-1200;BTC-PERPETUAL
Deribit;1596789413;Buy;Market;150;BTC-PERPETUAL
Deribit;1596789414;Buy;Market;150;BTC-PERPETUAL
Deribit;1596789414;Buy;Market;-900;BTC-PERPETUAL
Deribit;1596789415;Buy;Market;150;BTC-PERPETUAL
Deribit;1596789415;Buy;Market;-900;BTC-PERPETUAL
Deribit;1596789419;Buy;Market;150;BTC-PERPETUAL
Deribit;1596789419;Buy;Market;-450;BTC-PERPETUAL
Deribit;1596789421;Buy;Market;150;BTC-PERPETUAL
Deribit;1596789421;Buy;Market;-300;BTC-PERPETUAL
Deribit;1596789422;Buy;Market;150;BTC-PERPETUAL
Deribit;1596789422;Buy;Market;-300;BTC-PERPETUAL
Deribit;1596789432;Sell;Market;150;BTC-PERPETUAL
Deribit;1596789433;Sell;Market;150;BTC-PERPETUAL
Deribit;1596789434;Sell;Market;150;BTC-PERPETUAL
Deribit;1596789435;Sell;Market;150;BTC-PERPETUAL
ByBit;1596789435;Buy;Market;500;BTCUSD
Deribit;1596789439;Sell;Market;150;BTC-PERPETUAL
Deribit;1596789440;Sell;Market;150;BTC-PERPETUAL
Deribit;1596789441;Sell;Market;150;BTC-PERPETUAL
ByBit;1596789455;Buy;Market;500;BTCUSD
Deribit;1596789469;Sell;Market;-1050;BTC-PERPETUAL
Deribit;1596789470;Sell;Market;-1050;BTC-PERPETUAL
Deribit;1596789473;Sell;Market;-1050;BTC-PERPETUAL
Deribit;1596789474;Sell;Market;-1050;BTC-PERPETUAL
Deribit;1596789477;Sell;Market;-1050;BTC-PERPETUAL
Deribit;1596789478;Sell;Market;-1050;BTC-PERPETUAL
Deribit;1596789479;Sell;Market;-1050;BTC-PERPETUAL
Deribit;1596789480;Sell;Market;-1050;BTC-PERPETUAL
Deribit;1596789481;Sell;Market;-1050;BTC-PERPETUAL
Deribit;1596789482;Sell;Market;-1050;BTC-PERPETUAL
Deribit;1596789484;Sell;Market;-1050;BTC-PERPETUAL
Deribit;1596789485;Sell;Market;-1050;BTC-PERPETUAL
Deribit;1596789488;Sell;Market;-1050;BTC-PERPETUAL
Deribit;1596789489;Sell;Market;-1050;BTC-PERPETUAL
Deribit;1596789490;Sell;Market;-1050;BTC-PERPETUAL
Deribit;1596789491;Sell;Market;-1050;BTC-PERPETUAL
Deribit;1596789492;Sell;Market;-1050;BTC-PERPETUAL
Deribit;1596789493;Sell;Market;-1050;BTC-PERPETUAL
Deribit;1596789494;Sell;Market;-1050;BTC-PERPETUAL
Deribit;1596789496;Sell;Market;-1050;BTC-PERPETUAL
Deribit;1596789497;Sell;Market;-1050;BTC-PERPETUAL
Deribit;1596789498;Sell;Market;-1050;BTC-PERPETUAL
Deribit;1596789499;Sell;Market;-1050;BTC-PERPETUAL
Deribit;1596789501;Sell;Market;-1050;BTC-PERPETUAL
Deribit;1596789502;Sell;Market;-1050;BTC-PERPETUAL
Deribit;1596789503;Sell;Market;-1050;BTC-PERPETUAL
Deribit;1596789505;Sell;Market;-1050;BTC-PERPETUAL
Deribit;1596789506;Sell;Market;-1050;BTC-PERPETUAL
Deribit;1596789507;Sell;Market;-1050;BTC-PERPETUAL
Deribit;1596789508;Sell;Market;-1050;BTC-PERPETUAL
Deribit;1596789509;Sell;Market;-1050;BTC-PERPETUAL
Deribit;1596789510;Sell;Market;-1050;BTC-PERPETUAL
Deribit;1596789511;Sell;Market;-1050;BTC-PERPETUAL
Deribit;1596789512;Sell;Market;-1050;BTC-PERPETUAL
Deribit;1596789513;Sell;Market;-1050;BTC-PERPETUAL
Deribit;1596789514;Sell;Market;-1050;BTC-PERPETUAL
Deribit;1596789515;Sell;Market;-1050;BTC-PERPETUAL
Deribit;1596789516;Sell;Market;-1050;BTC-PERPETUAL
Deribit;1596789517;Sell;Market;-1050;BTC-PERPETUAL
Deribit;1596789518;Sell;Market;-1050;BTC-PERPETUAL
Deribit;1596789519;Sell;Market;-1050;BTC-PERPETUAL
Deribit;1596789520;Sell;Market;-1050;BTC-PERPETUAL
Deribit;1596789521;Sell;Market;-1050;BTC-PERPETUAL
Deribit;1596789522;Sell;Market;-1050;BTC-PERPETUAL
Deribit;1596789523;Sell;Market;-1050;BTC-PERPETUAL
Deribit;1596789524;Sell;Market;-1050;BTC-PERPETUAL
Deribit;1596789525;Sell;Market;-1050;BTC-PERPETUAL
Deribit;1596789528;Sell;Market;-1050;BTC-PERPETUAL
Deribit;1596789530;Sell;Market;-1050;BTC-PERPETUAL
Deribit;1596789531;Sell;Market;-1050;BTC-PERPETUAL
Deribit;1596789532;Sell;Market;150;BTC-PERPETUAL
Deribit;1596789534;Sell;Market;-1200;BTC-PERPETUAL
Deribit;1596789536;Sell;Market;-1200;BTC-PERPETUAL
Deribit;1596789538;Sell;Market;150;BTC-PERPETUAL
Deribit;1596789539;Sell;Market;150;BTC-PERPETUAL
Deribit;1596789541;Sell;Market;-1500;BTC-PERPETUAL
Deribit;1596789541;Sell;Market;-1500;BTC-PERPETUAL
Deribit;1596789543;Sell;Market;-1500;BTC-PERPETUAL
Deribit;1596789544;Sell;Market;-1500;BTC-PERPETUAL
Deribit;1596789545;Sell;Market;-1500;BTC-PERPETUAL
Deribit;1596789547;Sell;Market;-1500;BTC-PERPETUAL
Deribit;1596789548;Sell;Market;-1500;BTC-PERPETUAL
Deribit;1596789549;Sell;Market;-1500;BTC-PERPETUAL
Deribit;1596789550;Sell;Market;-1500;BTC-PERPETUAL
Deribit;1596789552;Sell;Market;-1500;BTC-PERPETUAL
Deribit;1596789553;Sell;Market;-1500;BTC-PERPETUAL
Deribit;1596789554;Sell;Market;-1500;BTC-PERPETUAL
Deribit;1596789556;Sell;Market;-1500;BTC-PERPETUAL
Deribit;1596789561;Sell;Market;-1500;BTC-PERPETUAL
Deribit;1596789562;Sell;Market;-1500;BTC-PERPETUAL
Deribit;1596789563;Sell;Market;-1500;BTC-PERPETUAL
Deribit;1596789564;Sell;Market;-1500;BTC-PERPETUAL
Deribit;1596789565;Sell;Market;-1500;BTC-PERPETUAL
Deribit;1596789566;Sell;Market;-1500;BTC-PERPETUAL
Deribit;1596789567;Sell;Market;-1500;BTC-PERPETUAL
Deribit;1596789568;Sell;Market;-1500;BTC-PERPETUAL
Deribit;1596789570;Sell;Market;-1500;BTC-PERPETUAL
Deribit;1596789571;Sell;Market;-1500;BTC-PERPETUAL
Deribit;1596789572;Sell;Market;-1500;BTC-PERPETUAL
Deribit;1596789573;Sell;Market;-1500;BTC-PERPETUAL
Deribit;1596789574;Sell;Market;-1500;BTC-PERPETUAL
Deribit;1596789576;Sell;Market;-1500;BTC-PERPETUAL
Deribit;1596789580;Sell;Market;-1500;BTC-PERPETUAL
Deribit;1596789581;Sell;Market;-1500;BTC-PERPETUAL
Deribit;1596789582;Sell;Market;-1500;BTC-PERPETUAL
Deribit;1596789583;Sell;Market;-1500;BTC-PERPETUAL
Deribit;1596789586;Sell;Market;-1500;BTC-PERPETUAL
Deribit;1596789587;Sell;Market;-1500;BTC-PERPETUAL
Deribit;1596789591;Sell;Market;-1500;BTC-PERPETUAL
Deribit;1596789594;Sell;Market;-1500;BTC-PERPETUAL
Deribit;1596789595;Sell;Market;-1500;BTC-PERPETUAL
Deribit;1596789601;Sell;Market;-1500;BTC-PERPETUAL
Deribit;1596789606;Sell;Market;-1500;BTC-PERPETUAL
Deribit;1596789611;Sell;Market;-1500;BTC-PERPETUAL
Deribit;1596789612;Sell;Market;-1500;BTC-PERPETUAL
Deribit;1596789616;Sell;Market;-1500;BTC-PERPETUAL
Deribit;1596789617;Sell;Market;-1500;BTC-PERPETUAL
Deribit;1596789618;Sell;Market;-1500;BTC-PERPETUAL
Deribit;1596789620;Sell;Market;-1500;BTC-PERPETUAL
Deribit;1596789621;Sell;Market;-1500;BTC-PERPETUAL
Deribit;1596789622;Sell;Market;-1500;BTC-PERPETUAL
Deribit;1596789623;Sell;Market;-1500;BTC-PERPETUAL
Deribit;1596789624;Sell;Market;-1500;BTC-PERPETUAL
Deribit;1596789626;Sell;Market;-1500;BTC-PERPETUAL
Deribit;1596789627;Sell;Market;-1500;BTC-PERPETUAL
Deribit;1596789630;Sell;Market;-1500;BTC-PERPETUAL
Deribit;1596789633;Sell;Market;-1500;BTC-PERPETUAL
Deribit;1596789634;Sell;Market;-1500;BTC-PERPETUAL
Deribit;1596789635;Sell;Market;-1500;BTC-PERPETUAL
Deribit;1596789639;Sell;Market;-1500;BTC-PERPETUAL
Deribit;1596789640;Sell;Market;-1500;BTC-PERPETUAL
Deribit;1596789645;Sell;Market;-1500;BTC-PERPETUAL
Deribit;1596789649;Sell;Market;-1500;BTC-PERPETUAL
Deribit;1596789650;Sell;Market;-1500;BTC-PERPETUAL
Deribit;1596789655;Sell;Market;-1500;BTC-PERPETUAL
Deribit;1596789659;Sell;Market;-1500;BTC-PERPETUAL
Deribit;1596789660;Sell;Market;-1500;BTC-PERPETUAL
Deribit;1596789667;Sell;Market;-1500;BTC-PERPETUAL
Deribit;1596789670;Sell;Market;-1500;BTC-PERPETUAL
Deribit;1596789673;Sell;Market;-1500;BTC-PERPETUAL
Deribit;1596789673;Sell;Market;-1500;BTC-PERPETUAL
Deribit;1596789678;Sell;Market;-1500;BTC-PERPETUAL
Deribit;1596789681;Sell;Market;-1500;BTC-PERPETUAL
Deribit;1596789683;Sell;Market;150;BTC-PERPETUAL
Deribit;1596789683;Sell;Market;150;BTC-PERPETUAL
Deribit;1596789685;Sell;Market;150;BTC-PERPETUAL
Deribit;1596789687;Sell;Market;150;BTC-PERPETUAL
Deribit;1596789689;Sell;Market;150;BTC-PERPETUAL
Deribit;1596789690;Sell;Market;150;BTC-PERPETUAL
Deribit;1596789691;Sell;Market;150;BTC-PERPETUAL
Deribit;1596789695;Sell;Market;150;BTC-PERPETUAL
Deribit;1596789696;Sell;Market;150;BTC-PERPETUAL
Deribit;1596789698;Sell;Market;150;BTC-PERPETUAL
Deribit;1596789699;Sell;Market;150;BTC-PERPETUAL
Deribit;1596789700;Sell;Market;-3000;BTC-PERPETUAL
Deribit;1596789701;Sell;Market;-3000;BTC-PERPETUAL
Deribit;1596789702;Sell;Market;-3000;BTC-PERPETUAL
Deribit;1596789703;Sell;Market;-3000;BTC-PERPETUAL
Deribit;1596789704;Sell;Market;-3000;BTC-PERPETUAL
Deribit;1596789705;Sell;Market;-3000;BTC-PERPETUAL
Deribit;1596789706;Sell;Market;-3000;BTC-PERPETUAL
Deribit;1596789708;Sell;Market;-3150;BTC-PERPETUAL
Deribit;1596789709;Sell;Market;-3150;BTC-PERPETUAL
Deribit;1596789710;Sell;Market;-3150;BTC-PERPETUAL
Deribit;1596789711;Sell;Market;-3150;BTC-PERPETUAL
Deribit;1596789713;Sell;Market;-3150;BTC-PERPETUAL
Deribit;1596789714;Sell;Market;-3150;BTC-PERPETUAL
Deribit;1596789715;Sell;Market;-3150;BTC-PERPETUAL
Deribit;1596789716;Sell;Market;-3150;BTC-PERPETUAL
Deribit;1596789718;Sell;Market;-3150;BTC-PERPETUAL
Deribit;1596789724;Sell;Market;-3150;BTC-PERPETUAL
Deribit;1596789731;Sell;Market;-3150;BTC-PERPETUAL
Deribit;1596789732;Sell;Market;-3150;BTC-PERPETUAL
Deribit;1596789733;Sell;Market;-3150;BTC-PERPETUAL
Deribit;1596789734;Sell;Market;-3150;BTC-PERPETUAL
Deribit;1596789735;Sell;Market;-3150;BTC-PERPETUAL
Deribit;1596789738;Sell;Market;-3150;BTC-PERPETUAL
Deribit;1596789739;Sell;Market;-3150;BTC-PERPETUAL
Deribit;1596789740;Sell;Market;-3150;BTC-PERPETUAL
Deribit;1596789742;Sell;Market;-3150;BTC-PERPETUAL
Deribit;1596789820;Buy;Market;150;BTC-PERPETUAL
Deribit;1596789821;Buy;Market;150;BTC-PERPETUAL
Deribit;1596789822;Buy;Market;150;BTC-PERPETUAL
Deribit;1596789823;Buy;Market;150;BTC-PERPETUAL
Deribit;1596789826;Sell;Market;-2550;BTC-PERPETUAL
Deribit;1596789826;Buy;Market;150;BTC-PERPETUAL
Deribit;1596789826;Buy;Market;-2550;BTC-PERPETUAL
Deribit;1596789826;Sell;Market;-2550;BTC-PERPETUAL
Deribit;1596789826;Buy;Market;150;BTC-PERPETUAL
Deribit;1596789826;Buy;Market;-2550;BTC-PERPETUAL
Deribit;1596789828;Sell;Market;-2550;BTC-PERPETUAL
Deribit;1596789828;Buy;Market;150;BTC-PERPETUAL
Deribit;1596789828;Buy;Market;-2550;BTC-PERPETUAL
Deribit;1596789829;Sell;Market;-2550;BTC-PERPETUAL
Deribit;1596789829;Buy;Market;150;BTC-PERPETUAL
Deribit;1596789829;Buy;Market;-2550;BTC-PERPETUAL
Deribit;1596789832;Sell;Market;-2550;BTC-PERPETUAL
Deribit;1596789832;Buy;Market;150;BTC-PERPETUAL
Deribit;1596789832;Buy;Market;-2550;BTC-PERPETUAL
Deribit;1596789834;Sell;Market;-2550;BTC-PERPETUAL
Deribit;1596789834;Buy;Market;150;BTC-PERPETUAL
Deribit;1596789834;Buy;Market;-2550;BTC-PERPETUAL
Deribit;1596789838;Sell;Market;-1650;BTC-PERPETUAL
Deribit;1596789838;Buy;Market;-1650;BTC-PERPETUAL
Deribit;1596789838;Buy;Market;150;BTC-PERPETUAL
Deribit;1596789839;Sell;Market;-1650;BTC-PERPETUAL
Deribit;1596789839;Buy;Market;150;BTC-PERPETUAL
Deribit;1596789839;Buy;Market;-1650;BTC-PERPETUAL
Deribit;1596789842;Sell;Market;-1350;BTC-PERPETUAL
Deribit;1596789842;Buy;Market;150;BTC-PERPETUAL
Deribit;1596789842;Buy;Market;-1350;BTC-PERPETUAL
Deribit;1596789843;Sell;Market;-1350;BTC-PERPETUAL
Deribit;1596789843;Buy;Market;150;BTC-PERPETUAL
Deribit;1596789843;Buy;Market;-1350;BTC-PERPETUAL
Deribit;1596789844;Sell;Market;-1350;BTC-PERPETUAL
Deribit;1596789844;Buy;Market;150;BTC-PERPETUAL
Deribit;1596789844;Buy;Market;-1350;BTC-PERPETUAL
Deribit;1596789845;Buy;Market;150;BTC-PERPETUAL
Deribit;1596789845;Sell;Market;-1350;BTC-PERPETUAL
Deribit;1596789845;Buy;Market;-1350;BTC-PERPETUAL
Deribit;1596789848;Sell;Market;-1350;BTC-PERPETUAL
Deribit;1596789848;Buy;Market;150;BTC-PERPETUAL
Deribit;1596789848;Buy;Market;-1350;BTC-PERPETUAL
Deribit;1596789849;Sell;Market;-750;BTC-PERPETUAL
Deribit;1596789849;Buy;Market;150;BTC-PERPETUAL
Deribit;1596789849;Buy;Market;-750;BTC-PERPETUAL
Deribit;1596789850;Buy;Market;150;BTC-PERPETUAL
Deribit;1596789850;Buy;Market;-600;BTC-PERPETUAL
Deribit;1596789852;Buy;Market;150;BTC-PERPETUAL
Deribit;1596789852;Buy;Market;-300;BTC-PERPETUAL
Deribit;1596789853;Buy;Market;150;BTC-PERPETUAL
Deribit;1596789853;Buy;Market;-300;BTC-PERPETUAL
Deribit;1596789854;Buy;Market;150;BTC-PERPETUAL
Deribit;1596789854;Buy;Market;-300;BTC-PERPETUAL
Deribit;1596789855;Buy;Market;150;BTC-PERPETUAL
Deribit;1596789855;Buy;Market;-300;BTC-PERPETUAL
Deribit;1596789856;Buy;Market;150;BTC-PERPETUAL
Deribit;1596789856;Buy;Market;-300;BTC-PERPETUAL
Deribit;1596789857;Buy;Market;150;BTC-PERPETUAL
Deribit;1596789857;Buy;Market;-300;BTC-PERPETUAL
Deribit;1596789858;Buy;Market;150;BTC-PERPETUAL
Deribit;1596789858;Buy;Market;-300;BTC-PERPETUAL
Deribit;1596789859;Buy;Market;150;BTC-PERPETUAL
Deribit;1596789859;Buy;Market;-300;BTC-PERPETUAL
Deribit;1596789860;Buy;Market;150;BTC-PERPETUAL
Deribit;1596789860;Buy;Market;-300;BTC-PERPETUAL
Deribit;1596789861;Buy;Market;150;BTC-PERPETUAL
Deribit;1596789861;Buy;Market;-300;BTC-PERPETUAL
Deribit;1596789862;Buy;Market;150;BTC-PERPETUAL
Deribit;1596789862;Buy;Market;-300;BTC-PERPETUAL
Deribit;1596789863;Buy;Market;150;BTC-PERPETUAL
Deribit;1596789863;Buy;Market;-300;BTC-PERPETUAL
Deribit;1596789982;Sell;Market;150;BTC-PERPETUAL
Deribit;1596789982;Sell;Market;1500;BTC-PERPETUAL
Deribit;1596789983;Sell;Market;150;BTC-PERPETUAL
Deribit;1596789983;Sell;Market;1500;BTC-PERPETUAL
Deribit;1596789984;Sell;Market;150;BTC-PERPETUAL
Deribit;1596789984;Sell;Market;1500;BTC-PERPETUAL
Deribit;1596789996;Sell;Market;-3450;BTC-PERPETUAL
Deribit;1596789997;Sell;Market;-3450;BTC-PERPETUAL
Deribit;1596789999;Sell;Market;-3450;BTC-PERPETUAL
Deribit;1596790002;Sell;Market;-3450;BTC-PERPETUAL
Deribit;1596790003;Sell;Market;-3450;BTC-PERPETUAL
Deribit;1596790004;Sell;Market;-3450;BTC-PERPETUAL
Deribit;1596790005;Sell;Market;-3450;BTC-PERPETUAL
Deribit;1596790006;Sell;Market;-3450;BTC-PERPETUAL
Deribit;1596790007;Sell;Market;-3450;BTC-PERPETUAL
Deribit;1596790009;Sell;Market;-3450;BTC-PERPETUAL
Deribit;1596790010;Sell;Market;-3450;BTC-PERPETUAL
Deribit;1596790011;Sell;Market;-3450;BTC-PERPETUAL
Deribit;1596790014;Sell;Market;-3450;BTC-PERPETUAL
Deribit;1596790142;Buy;Market;150;BTC-PERPETUAL
Deribit;1596790142;Buy;Market;-3450;BTC-PERPETUAL
Deribit;1596790143;Buy;Market;150;BTC-PERPETUAL
Deribit;1596790143;Buy;Market;-3450;BTC-PERPETUAL
Deribit;1596790144;Buy;Market;150;BTC-PERPETUAL
Deribit;1596790144;Buy;Market;-3450;BTC-PERPETUAL
Deribit;1596790145;Buy;Market;150;BTC-PERPETUAL
Deribit;1596790145;Buy;Market;-3450;BTC-PERPETUAL
Deribit;1596790146;Buy;Market;150;BTC-PERPETUAL
Deribit;1596790146;Buy;Market;-3000;BTC-PERPETUAL
Deribit;1596790147;Buy;Market;150;BTC-PERPETUAL
Deribit;1596790147;Buy;Market;-3000;BTC-PERPETUAL
Deribit;1596790150;Buy;Market;150;BTC-PERPETUAL
Deribit;1596790150;Buy;Market;-3000;BTC-PERPETUAL
Deribit;1596790152;Buy;Market;150;BTC-PERPETUAL
Deribit;1596790152;Buy;Market;-2400;BTC-PERPETUAL
Deribit;1596790159;Buy;Market;150;BTC-PERPETUAL
Deribit;1596790159;Buy;Market;-2250;BTC-PERPETUAL
Deribit;1596790160;Buy;Market;150;BTC-PERPETUAL
Deribit;1596790160;Buy;Market;-2250;BTC-PERPETUAL
Deribit;1596790161;Buy;Market;150;BTC-PERPETUAL
Deribit;1596790161;Buy;Market;-2250;BTC-PERPETUAL
Deribit;1596790165;Buy;Market;150;BTC-PERPETUAL
Deribit;1596790165;Buy;Market;-1800;BTC-PERPETUAL
Deribit;1596790166;Buy;Market;-1800;BTC-PERPETUAL
Deribit;1596790166;Buy;Market;150;BTC-PERPETUAL
Deribit;1596790178;Buy;Market;150;BTC-PERPETUAL
Deribit;1596790178;Buy;Market;-1500;BTC-PERPETUAL
Deribit;1596790179;Buy;Market;150;BTC-PERPETUAL
Deribit;1596790179;Buy;Market;-1500;BTC-PERPETUAL
Deribit;1596790183;Buy;Market;150;BTC-PERPETUAL
Deribit;1596790183;Buy;Market;-1200;BTC-PERPETUAL
Deribit;1596790187;Buy;Market;150;BTC-PERPETUAL
Deribit;1596790187;Buy;Market;-1050;BTC-PERPETUAL
Deribit;1596790191;Buy;Market;150;BTC-PERPETUAL
Deribit;1596790191;Buy;Market;-900;BTC-PERPETUAL
Deribit;1596790194;Buy;Market;150;BTC-PERPETUAL
Deribit;1596790194;Buy;Market;-750;BTC-PERPETUAL
Deribit;1596790195;Buy;Market;150;BTC-PERPETUAL
Deribit;1596790195;Buy;Market;-600;BTC-PERPETUAL
Deribit;1596790196;Buy;Market;150;BTC-PERPETUAL
Deribit;1596790196;Buy;Market;-450;BTC-PERPETUAL
Deribit;1596790197;Buy;Market;150;BTC-PERPETUAL
Deribit;1596790197;Buy;Market;-300;BTC-PERPETUAL
Deribit;1596790200;Buy;Market;150;BTC-PERPETUAL
Deribit;1596790200;Buy;Market;-150;BTC-PERPETUAL
Deribit;1596790202;Buy;Market;150;BTC-PERPETUAL
Deribit;1596790283;Buy;Market;150;BTC-PERPETUALDeribit;1596790556;Sell;Market;300;BTC-PERPETUAL
Deribit;1596790557;Sell;Market;300;BTC-PERPETUAL
Deribit;1596790559;Buy;Market;150;BTC-PERPETUAL
Deribit;1596790559;Buy;Market;-300;BTC-PERPETUAL
Deribit;1596790560;Buy;Market;150;BTC-PERPETUAL
Deribit;1596790560;Buy;Market;-300;BTC-PERPETUAL
Deribit;1596790561;Buy;Market;150;BTC-PERPETUAL
Deribit;1596790561;Buy;Market;-150;BTC-PERPETUAL
Deribit;1596790562;Buy;Market;150;BTC-PERPETUAL
Deribit;1596790616;Buy;Market;150;BTC-PERPETUAL
Deribit;1596790618;Buy;Market;150;BTC-PERPETUAL
Deribit;1596790647;Buy;Market;150;BTC-PERPETUAL
Deribit;1596790650;Buy;Market;150;BTC-PERPETUAL
Deribit;1596790654;Sell;Market;150;BTC-PERPETUAL
Deribit;1596790658;Sell;Market;150;BTC-PERPETUAL
Deribit;1596790659;Sell;Market;150;BTC-PERPETUAL
Deribit;1596790663;Sell;Market;150;BTC-PERPETUAL
Deribit;1596790663;Sell;Market;450;BTC-PERPETUAL
Deribit;1596790672;Buy;Market;150;BTC-PERPETUAL
Deribit;1596790672;Buy;Market;-150;BTC-PERPETUAL
Deribit;1596790673;Buy;Market;150;BTC-PERPETUAL
Deribit;1596790674;Buy;Market;150;BTC-PERPETUAL
Deribit;1596790676;Sell;Market;150;BTC-PERPETUAL
Deribit;1596790677;Sell;Market;150;BTC-PERPETUAL
Deribit;1596790678;Sell;Market;150;BTC-PERPETUAL
Deribit;1596790681;Sell;Market;150;BTC-PERPETUAL
Deribit;1596790683;Sell;Market;150;BTC-PERPETUAL
Deribit;1596790683;Sell;Market;150;BTC-PERPETUAL
Deribit;1596790686;Sell;Market;150;BTC-PERPETUAL
Deribit;1596790688;Sell;Market;150;BTC-PERPETUAL
Deribit;1596790690;Sell;Market;150;BTC-PERPETUAL
Deribit;1596790691;Sell;Market;150;BTC-PERPETUAL
Deribit;1596790692;Sell;Market;150;BTC-PERPETUAL
Deribit;1596790695;Sell;Market;150;BTC-PERPETUAL
Deribit;1596790696;Sell;Market;150;BTC-PERPETUAL
Deribit;1596790700;Sell;Market;150;BTC-PERPETUAL
Deribit;1596790707;Sell;Market;150;BTC-PERPETUAL
Deribit;1596790708;Sell;Market;150;BTC-PERPETUAL
Deribit;1596790709;Sell;Market;150;BTC-PERPETUAL
Deribit;1596790710;Sell;Market;150;BTC-PERPETUAL
Deribit;1596790741;Buy;Market;150;BTC-PERPETUAL
Deribit;1596790741;Buy;Market;-2400;BTC-PERPETUAL
Deribit;1596790754;Buy;Market;150;BTC-PERPETUAL
Deribit;1596790754;Buy;Market;-2250;BTC-PERPETUAL
Deribit;1596790760;Buy;Market;150;BTC-PERPETUAL
Deribit;1596790760;Buy;Market;-2100;BTC-PERPETUAL
Deribit;1596790761;Buy;Market;150;BTC-PERPETUAL
Deribit;1596790761;Buy;Market;-2100;BTC-PERPETUAL
Deribit;1596790765;Buy;Market;150;BTC-PERPETUAL
Deribit;1596790765;Buy;Market;-1800;BTC-PERPETUAL
Deribit;1596790769;Buy;Market;150;BTC-PERPETUAL
Deribit;1596790769;Buy;Market;-1800;BTC-PERPETUAL
Deribit;1596790773;Buy;Market;150;BTC-PERPETUAL
Deribit;1596790773;Buy;Market;-1500;BTC-PERPETUAL
Deribit;1596790777;Buy;Market;150;BTC-PERPETUAL
Deribit;1596790777;Buy;Market;-1350;BTC-PERPETUAL
Deribit;1596790802;Buy;Market;-1200;BTC-PERPETUAL
Deribit;1596790802;Buy;Market;150;BTC-PERPETUAL
Deribit;1596790806;Buy;Market;150;BTC-PERPETUAL
Deribit;1596790806;Buy;Market;-1050;BTC-PERPETUAL
Deribit;1596790807;Buy;Market;150;BTC-PERPETUAL
Deribit;1596790807;Buy;Market;-900;BTC-PERPETUAL
Deribit;1596790809;Buy;Market;150;BTC-PERPETUAL
Deribit;1596790809;Buy;Market;-750;BTC-PERPETUAL
Deribit;1596790810;Buy;Market;150;BTC-PERPETUAL
Deribit;1596790810;Buy;Market;-750;BTC-PERPETUAL
Deribit;1596790812;Buy;Market;150;BTC-PERPETUAL
Deribit;1596790812;Buy;Market;-750;BTC-PERPETUAL
Deribit;1596790813;Buy;Market;150;BTC-PERPETUAL
Deribit;1596790813;Buy;Market;-750;BTC-PERPETUAL
Deribit;1596790814;Buy;Market;150;BTC-PERPETUAL
Deribit;1596790814;Buy;Market;-750;BTC-PERPETUAL
Deribit;1596790819;Buy;Market;150;BTC-PERPETUAL
Deribit;1596790820;Buy;Market;150;BTC-PERPETUAL
Deribit;1596790823;Buy;Market;150;BTC-PERPETUAL
Deribit;1596790824;Buy;Market;150;BTC-PERPETUAL
Deribit;1596790825;Sell;Market;150;BTC-PERPETUAL
Deribit;1596790827;Sell;Market;150;BTC-PERPETUAL
Deribit;1596790827;Sell;Market;150;BTC-PERPETUAL
Deribit;1596790828;Sell;Market;150;BTC-PERPETUAL
Deribit;1596790830;Sell;Market;150;BTC-PERPETUAL
Deribit;1596790833;Buy;Market;150;BTC-PERPETUAL
Deribit;1596790833;Buy;Market;-150;BTC-PERPETUAL
Deribit;1596790835;Sell;Market;150;BTC-PERPETUAL
Deribit;1596790836;Sell;Market;150;BTC-PERPETUAL
Deribit;1596790837;Buy;Market;150;BTC-PERPETUAL
Deribit;1596790839;Buy;Market;150;BTC-PERPETUAL
Deribit;1596790840;Buy;Market;150;BTC-PERPETUAL
Deribit;1596790841;Buy;Market;150;BTC-PERPETUAL
Deribit;1596790842;Buy;Market;150;BTC-PERPETUAL
Deribit;1596790843;Buy;Market;150;BTC-PERPETUAL
Deribit;1596790845;Buy;Market;150;BTC-PERPETUAL
Deribit;1596790866;Sell;Market;150;BTC-PERPETUAL
Deribit;1596790866;Sell;Market;750;BTC-PERPETUAL
Deribit;1596790867;Sell;Market;150;BTC-PERPETUAL
Deribit;1596790867;Sell;Market;750;BTC-PERPETUAL
Deribit;1596790868;Sell;Market;150;BTC-PERPETUAL
Deribit;1596790868;Sell;Market;750;BTC-PERPETUAL
Deribit;1596790869;Sell;Market;150;BTC-PERPETUAL
Deribit;1596790869;Sell;Market;750;BTC-PERPETUAL
Deribit;1596790909;Sell;Market;150;BTC-PERPETUAL
Deribit;1596790919;Sell;Market;-3000;BTC-PERPETUAL
Deribit;1596790921;Sell;Market;-3000;BTC-PERPETUAL
Deribit;1596790922;Sell;Market;-3000;BTC-PERPETUAL
Deribit;1596790926;Sell;Market;-3000;BTC-PERPETUAL
Deribit;1596790927;Sell;Market;-3000;BTC-PERPETUAL
Deribit;1596790934;Sell;Market;-3000;BTC-PERPETUAL
Deribit;1596790935;Sell;Market;-3000;BTC-PERPETUAL
Deribit;1596790937;Sell;Market;-3000;BTC-PERPETUAL
Deribit;1596790938;Sell;Market;-3000;BTC-PERPETUAL
Deribit;1596790939;Sell;Market;-3000;BTC-PERPETUAL
Deribit;1596790940;Sell;Market;-3000;BTC-PERPETUAL
Deribit;1596790941;Sell;Market;-3000;BTC-PERPETUAL
Deribit;1596790942;Sell;Market;-3000;BTC-PERPETUAL
Deribit;1596790943;Sell;Market;-3000;BTC-PERPETUAL
Deribit;1596790944;Sell;Market;-3000;BTC-PERPETUAL
Deribit;1596790945;Sell;Market;-3000;BTC-PERPETUAL
Deribit;1596790946;Sell;Market;-3000;BTC-PERPETUAL
Deribit;1596790947;Sell;Market;-3000;BTC-PERPETUAL
Deribit;1596790949;Sell;Market;-3000;BTC-PERPETUAL
Deribit;1596790950;Sell;Market;-3000;BTC-PERPETUAL
Deribit;1596790950;Buy;Market;150;BTC-PERPETUAL
Deribit;1596790950;Buy;Market;-3000;BTC-PERPETUAL
Deribit;1596790953;Sell;Market;-3000;BTC-PERPETUAL
Deribit;1596790953;Buy;Market;150;BTC-PERPETUAL
Deribit;1596790953;Buy;Market;-3000;BTC-PERPETUAL
Deribit;1596790956;Buy;Market;150;BTC-PERPETUAL
Deribit;1596790956;Buy;Market;-2700;BTC-PERPETUAL
Deribit;1596790957;Buy;Market;150;BTC-PERPETUAL
Deribit;1596790957;Buy;Market;-2550;BTC-PERPETUAL
Deribit;1596790958;Buy;Market;150;BTC-PERPETUAL
Deribit;1596790960;Buy;Market;150;BTC-PERPETUAL
Deribit;1596790960;Buy;Market;-2250;BTC-PERPETUAL
Deribit;1596790961;Buy;Market;150;BTC-PERPETUAL
Deribit;1596790961;Buy;Market;-2100;BTC-PERPETUAL
Deribit;1596790962;Buy;Market;150;BTC-PERPETUAL
Deribit;1596790962;Buy;Market;-2100;BTC-PERPETUAL
Deribit;1596790963;Buy;Market;150;BTC-PERPETUAL
Deribit;1596790964;Buy;Market;150;BTC-PERPETUAL
Deribit;1596790967;Buy;Market;150;BTC-PERPETUAL
Deribit;1596790967;Buy;Market;-1500;BTC-PERPETUAL
Deribit;1596790967;Buy;Market;150;BTC-PERPETUAL
Deribit;1596790967;Buy;Market;-1500;BTC-PERPETUAL
Deribit;1596790968;Buy;Market;150;BTC-PERPETUAL
Deribit;1596790968;Buy;Market;-1500;BTC-PERPETUAL
Deribit;1596790969;Buy;Market;150;BTC-PERPETUAL
Deribit;1596790969;Buy;Market;-1500;BTC-PERPETUAL
Deribit;1596790971;Buy;Market;150;BTC-PERPETUAL
Deribit;1596790971;Buy;Market;-1500;BTC-PERPETUAL
Deribit;1596790972;Buy;Market;150;BTC-PERPETUAL
Deribit;1596790972;Buy;Market;-1500;BTC-PERPETUAL
Deribit;1596790973;Buy;Market;150;BTC-PERPETUAL
Deribit;1596790973;Buy;Market;-1500;BTC-PERPETUAL
Deribit;1596790974;Buy;Market;150;BTC-PERPETUAL
Deribit;1596790974;Buy;Market;-1500;BTC-PERPETUAL
Deribit;1596790975;Buy;Market;150;BTC-PERPETUAL
Deribit;1596790975;Buy;Market;-1500;BTC-PERPETUAL
Deribit;1596791195;Buy;Market;150;BTC-PERPETUAL
Deribit;1596791196;Buy;Market;150;BTC-PERPETUAL
Deribit;1596791199;Buy;Market;150;BTC-PERPETUAL
Deribit;1596791200;Buy;Market;150;BTC-PERPETUAL
Deribit;1596791201;Buy;Market;150;BTC-PERPETUAL
Deribit;1596791203;Buy;Market;150;BTC-PERPETUAL
Deribit;1596791204;Buy;Market;150;BTC-PERPETUAL
Deribit;1596791226;Sell;Market;150;BTC-PERPETUAL
Deribit;1596791227;Sell;Market;150;BTC-PERPETUAL
Deribit;1596791227;Sell;Market;750;BTC-PERPETUAL
Deribit;1596791228;Buy;Market;150;BTC-PERPETUAL
Deribit;1596791228;Buy;Market;-150;BTC-PERPETUAL
Deribit;1596791229;Buy;Market;150;BTC-PERPETUAL
Deribit;1596791244;Sell;Market;150;BTC-PERPETUAL
Deribit;1596791244;Sell;Market;150;BTC-PERPETUAL
Deribit;1596791245;Sell;Market;150;BTC-PERPETUAL
Deribit;1596791245;Sell;Market;150;BTC-PERPETUAL
Deribit;1596791248;Buy;Market;150;BTC-PERPETUAL
Deribit;1596791248;Buy;Market;-450;BTC-PERPETUAL
Deribit;1596791252;Buy;Market;150;BTC-PERPETUAL
Deribit;1596791252;Buy;Market;-300;BTC-PERPETUAL
Deribit;1596791253;Buy;Market;150;BTC-PERPETUAL
Deribit;1596791254;Sell;Market;150;BTC-PERPETUAL
Deribit;1596791255;Sell;Market;150;BTC-PERPETUAL
Deribit;1596791270;Buy;Market;150;BTC-PERPETUAL
Deribit;1596791270;Buy;Market;-300;BTC-PERPETUAL
Deribit;1596791271;Buy;Market;150;BTC-PERPETUAL
Deribit;1596791271;Buy;Market;-300;BTC-PERPETUAL
Deribit;1596791274;Buy;Market;150;BTC-PERPETUAL
Deribit;1596791281;Sell;Market;150;BTC-PERPETUAL
Deribit;1596791281;Sell;Market;150;BTC-PERPETUAL
Deribit;1596791285;Sell;Market;150;BTC-PERPETUAL
Deribit;1596791285;Sell;Market;150;BTC-PERPETUAL
Deribit;1596791286;Sell;Market;150;BTC-PERPETUAL
Deribit;1596791286;Sell;Market;150;BTC-PERPETUAL
Deribit;1596791287;Sell;Market;150;BTC-PERPETUAL
Deribit;1596791287;Sell;Market;150;BTC-PERPETUAL
Deribit;1596791288;Sell;Market;150;BTC-PERPETUAL
Deribit;1596791288;Sell;Market;150;BTC-PERPETUAL
Deribit;1596791298;Buy;Market;150;BTC-PERPETUAL
Deribit;1596791298;Buy;Market;-1350;BTC-PERPETUAL
Deribit;1596791300;Buy;Market;150;BTC-PERPETUAL
Deribit;1596791300;Buy;Market;-1200;BTC-PERPETUAL
Deribit;1596791302;Buy;Market;150;BTC-PERPETUAL
Deribit;1596791302;Buy;Market;-1050;BTC-PERPETUAL
Deribit;1596791303;Buy;Market;150;BTC-PERPETUAL
Deribit;1596791303;Buy;Market;-1050;BTC-PERPETUAL
Deribit;1596791306;Buy;Market;150;BTC-PERPETUAL
Deribit;1596791306;Buy;Market;-750;BTC-PERPETUAL
Deribit;1596791307;Buy;Market;150;BTC-PERPETUAL
Deribit;1596791307;Buy;Market;-750;BTC-PERPETUAL
Deribit;1596791308;Buy;Market;150;BTC-PERPETUAL
Deribit;1596791308;Buy;Market;-600;BTC-PERPETUAL
Deribit;1596791309;Buy;Market;150;BTC-PERPETUAL
Deribit;1596791309;Buy;Market;-600;BTC-PERPETUAL
Deribit;1596791310;Buy;Market;150;BTC-PERPETUAL
Deribit;1596791310;Buy;Market;-600;BTC-PERPETUAL
Deribit;1596791311;Buy;Market;150;BTC-PERPETUAL
Deribit;1596791311;Buy;Market;-600;BTC-PERPETUAL
Deribit;1596791313;Buy;Market;150;BTC-PERPETUAL
Deribit;1596791313;Buy;Market;-600;BTC-PERPETUAL
Deribit;1596791314;Buy;Market;150;BTC-PERPETUAL
Deribit;1596791314;Buy;Market;-600;BTC-PERPETUAL
Deribit;1596791315;Buy;Market;150;BTC-PERPETUAL
Deribit;1596791315;Buy;Market;-600;BTC-PERPETUAL
Deribit;1596791317;Buy;Market;150;BTC-PERPETUAL
Deribit;1596791317;Buy;Market;-600;BTC-PERPETUAL
Deribit;1596791318;Buy;Market;150;BTC-PERPETUAL
Deribit;1596791318;Buy;Market;-600;BTC-PERPETUAL
Deribit;1596791404;Sell;Market;150;BTC-PERPETUAL
Deribit;1596791406;Sell;Market;150;BTC-PERPETUAL
Deribit;1596791409;Sell;Market;150;BTC-PERPETUAL
Deribit;1596791410;Buy;Market;150;BTC-PERPETUAL
Deribit;1596791411;Sell;Market;150;BTC-PERPETUAL
Deribit;1596791411;Sell;Market;450;BTC-PERPETUAL
Deribit;1596791413;Sell;Market;150;BTC-PERPETUAL
Deribit;1596791413;Sell;Market;450;BTC-PERPETUAL
Deribit;1596791414;Sell;Market;150;BTC-PERPETUAL
Deribit;1596791414;Sell;Market;450;BTC-PERPETUAL
Deribit;1596791430;Buy;Market;150;BTC-PERPETUAL
Deribit;1596791430;Buy;Market;-1200;BTC-PERPETUAL
Deribit;1596791432;Buy;Market;150;BTC-PERPETUAL
Deribit;1596791432;Buy;Market;-1200;BTC-PERPETUAL
Deribit;1596791433;Buy;Market;150;BTC-PERPETUAL
Deribit;1596791433;Buy;Market;-1200;BTC-PERPETUAL
Deribit;1596791436;Buy;Market;150;BTC-PERPETUAL
Deribit;1596791436;Buy;Market;-1200;BTC-PERPETUAL
Deribit;1596791468;Buy;Market;150;BTC-PERPETUAL
Deribit;1596791468;Buy;Market;-600;BTC-PERPETUAL
Deribit;1596791469;Buy;Market;150;BTC-PERPETUAL
Deribit;1596791469;Buy;Market;-600;BTC-PERPETUAL
Deribit;1596791472;Buy;Market;150;BTC-PERPETUAL
Deribit;1596791472;Buy;Market;-300;BTC-PERPETUAL
Deribit;1596791473;Buy;Market;150;BTC-PERPETUAL
Deribit;1596791473;Buy;Market;-150;BTC-PERPETUAL
Deribit;1596791474;Buy;Market;150;BTC-PERPETUAL
Deribit;1596791475;Buy;Market;150;BTC-PERPETUAL
Deribit;1596791476;Sell;Market;150;BTC-PERPETUAL
Deribit;1596791478;Sell;Market;150;BTC-PERPETUAL
Deribit;1596791481;Sell;Market;150;BTC-PERPETUAL
Deribit;1596791482;Sell;Market;150;BTC-PERPETUAL
Deribit;1596791483;Sell;Market;150;BTC-PERPETUAL
Deribit;1596791484;Sell;Market;150;BTC-PERPETUAL
Deribit;1596791486;Sell;Market;150;BTC-PERPETUAL
Deribit;1596791487;Sell;Market;150;BTC-PERPETUAL
Deribit;1596791848;Buy;Market;150;BTC-PERPETUAL
Deribit;1596791848;Buy;Market;-900;BTC-PERPETUAL
Deribit;1596791849;Buy;Market;150;BTC-PERPETUAL
Deribit;1596791849;Buy;Market;-900;BTC-PERPETUAL
Deribit;1596791850;Buy;Market;150;BTC-PERPETUAL
Deribit;1596791850;Buy;Market;-900;BTC-PERPETUAL
Deribit;1596791852;Buy;Market;150;BTC-PERPETUAL
Deribit;1596791852;Buy;Market;-900;BTC-PERPETUAL
Deribit;1596791854;Buy;Market;150;BTC-PERPETUAL
Deribit;1596791854;Buy;Market;-900;BTC-PERPETUAL
Deribit;1596791858;Buy;Market;150;BTC-PERPETUAL
Deribit;1596791858;Buy;Market;-900;BTC-PERPETUAL
Deribit;1596791859;Buy;Market;150;BTC-PERPETUAL
Deribit;1596791859;Buy;Market;-900;BTC-PERPETUAL
Deribit;1596791860;Buy;Market;-900;BTC-PERPETUAL
Deribit;1596791860;Buy;Market;150;BTC-PERPETUAL
Deribit;1596791861;Buy;Market;150;BTC-PERPETUAL
Deribit;1596791861;Buy;Market;-900;BTC-PERPETUAL
Deribit;1596791863;Buy;Market;150;BTC-PERPETUAL
Deribit;1596791863;Buy;Market;-900;BTC-PERPETUAL
Deribit;1596791865;Buy;Market;150;BTC-PERPETUAL
Deribit;1596791865;Buy;Market;-900;BTC-PERPETUAL
Deribit;1596791866;Buy;Market;150;BTC-PERPETUAL
Deribit;1596791866;Buy;Market;-900;BTC-PERPETUAL
Deribit;1596791867;Buy;Market;150;BTC-PERPETUAL
Deribit;1596791867;Buy;Market;-900;BTC-PERPETUAL
Deribit;1596791870;Buy;Market;-900;BTC-PERPETUAL
Deribit;1596791870;Buy;Market;150;BTC-PERPETUAL
Deribit;1596792043;Sell;Market;1200;BTC-PERPETUAL
Deribit;1596792044;Buy;Market;150;BTC-PERPETUAL
Deribit;1596792541;Sell;Market;150;BTC-PERPETUAL
Deribit;1596792541;Sell;Market;150;BTC-PERPETUAL
Deribit;1596793654;Sell;Market;-150;BTC-PERPETUAL
Deribit;1596793655;Sell;Market;-150;BTC-PERPETUAL
Deribit;1596793656;Sell;Market;-150;BTC-PERPETUAL
Deribit;1596793658;Sell;Market;-150;BTC-PERPETUAL
Deribit;1596793659;Sell;Market;-150;BTC-PERPETUAL
Deribit;1596793660;Sell;Market;-150;BTC-PERPETUAL
Deribit;1596793661;Sell;Market;-150;BTC-PERPETUAL
Deribit;1596793668;Sell;Market;-150;BTC-PERPETUAL
Deribit;1596793686;Buy;Market;150;BTC-PERPETUAL
Deribit;1596793686;Buy;Market;-150;BTC-PERPETUAL
Deribit;1596793696;Sell;Market;150;BTC-PERPETUAL
Deribit;1596793772;Buy;Market;150;BTC-PERPETUAL
Deribit;1596793773;Buy;Market;150;BTC-PERPETUAL
Deribit;1596793774;Buy;Market;150;BTC-PERPETUAL
Deribit;1596793775;Buy;Market;150;BTC-PERPETUAL
Deribit;1596793776;Buy;Market;150;BTC-PERPETUAL
Deribit;1596793778;Buy;Market;150;BTC-PERPETUAL
Deribit;1596793779;Buy;Market;150;BTC-PERPETUAL
Deribit;1596793780;Buy;Market;150;BTC-PERPETUAL
Deribit;1596793781;Buy;Market;150;BTC-PERPETUAL
Deribit;1596793782;Sell;Market;150;BTC-PERPETUAL
Deribit;1596793783;Sell;Market;150;BTC-PERPETUAL
Deribit;1596793784;Sell;Market;150;BTC-PERPETUAL
Deribit;1596793785;Sell;Market;150;BTC-PERPETUAL
Deribit;1596793785;Sell;Market;750;BTC-PERPETUAL
Deribit;1596793853;Buy;Market;150;BTC-PERPETUAL
Deribit;1596793853;Buy;Market;-150;BTC-PERPETUAL
Deribit;1596793854;Buy;Market;150;BTC-PERPETUAL
Deribit;1596793854;Buy;Market;-150;BTC-PERPETUAL
Deribit;1596793873;Sell;Market;150;BTC-PERPETUAL
Deribit;1596793873;Sell;Market;150;BTC-PERPETUAL
Deribit;1596793877;Buy;Market;150;BTC-PERPETUAL
Deribit;1596793877;Buy;Market;-150;BTC-PERPETUAL
Deribit;1596793886;Buy;Market;150;BTC-PERPETUAL
Deribit;1596793906;Sell;Market;150;BTC-PERPETUAL
Deribit;1596793906;Sell;Market;150;BTC-PERPETUAL
Deribit;1596793907;Sell;Market;150;BTC-PERPETUAL
Deribit;1596793907;Sell;Market;150;BTC-PERPETUAL
Deribit;1596793920;Buy;Market;150;BTC-PERPETUAL
Deribit;1596793920;Buy;Market;-450;BTC-PERPETUAL
Deribit;1596793925;Buy;Market;150;BTC-PERPETUAL
Deribit;1596793925;Buy;Market;-450;BTC-PERPETUAL
Deribit;1596793930;Buy;Market;150;BTC-PERPETUAL
Deribit;1596793930;Buy;Market;-150;BTC-PERPETUAL
Deribit;1596793931;Buy;Market;150;BTC-PERPETUAL
Deribit;1596793932;Buy;Market;150;BTC-PERPETUAL
Deribit;1596793933;Buy;Market;150;BTC-PERPETUAL
Deribit;1596793934;Buy;Market;150;BTC-PERPETUAL
Deribit;1596793935;Buy;Market;150;BTC-PERPETUAL
Deribit;1596793936;Buy;Market;150;BTC-PERPETUAL
Deribit;1596793937;Buy;Market;150;BTC-PERPETUAL
Deribit;1596794165;Sell;Market;150;BTC-PERPETUAL
Deribit;1596794165;Sell;Market;1050;BTC-PERPETUAL
Deribit;1596794166;Sell;Market;150;BTC-PERPETUAL
Deribit;1596794166;Sell;Market;1050;BTC-PERPETUAL
Deribit;1596794198;Buy;Market;150;BTC-PERPETUAL
Deribit;1596794198;Buy;Market;-1350;BTC-PERPETUAL
Deribit;1596794199;Buy;Market;150;BTC-PERPETUAL
Deribit;1596794199;Buy;Market;-1350;BTC-PERPETUAL
Deribit;1596794200;Buy;Market;150;BTC-PERPETUAL
Deribit;1596794200;Buy;Market;-1200;BTC-PERPETUAL
Deribit;1596794201;Buy;Market;150;BTC-PERPETUAL
Deribit;1596794201;Buy;Market;-1050;BTC-PERPETUAL
Deribit;1596794203;Buy;Market;150;BTC-PERPETUAL
Deribit;1596794203;Buy;Market;-750;BTC-PERPETUAL
Deribit;1596794204;Buy;Market;150;BTC-PERPETUAL
Deribit;1596794204;Buy;Market;-750;BTC-PERPETUAL
Deribit;1596794205;Buy;Market;150;BTC-PERPETUAL
Deribit;1596794205;Buy;Market;-750;BTC-PERPETUAL
Deribit;1596794239;Buy;Market;150;BTC-PERPETUAL
Deribit;1596794240;Sell;Market;150;BTC-PERPETUAL
Deribit;1596794241;Sell;Market;150;BTC-PERPETUAL
Deribit;1596794242;Buy;Market;150;BTC-PERPETUAL
Deribit;1596794242;Buy;Market;-450;BTC-PERPETUAL
Deribit;1596794243;Buy;Market;150;BTC-PERPETUAL
Deribit;1596794243;Buy;Market;-300;BTC-PERPETUAL
Deribit;1596794244;Buy;Market;150;BTC-PERPETUAL
Deribit;1596794244;Buy;Market;-300;BTC-PERPETUAL
Deribit;1596794245;Buy;Market;150;BTC-PERPETUAL
Deribit;1596794593;Sell;Market;150;BTC-PERPETUAL
Deribit;1596794594;Sell;Market;150;BTC-PERPETUAL
Deribit;1596794595;Buy;Market;150;BTC-PERPETUAL
Deribit;1596794597;Buy;Market;150;BTC-PERPETUAL
Deribit;1596795221;Sell;Market;150;BTC-PERPETUAL
Deribit;1596795221;Sell;Market;150;BTC-PERPETUAL
Deribit;1596795568;Buy;Market;150;BTC-PERPETUAL
Deribit;1596795569;Buy;Market;150;BTC-PERPETUAL
Deribit;1596795570;Buy;Market;150;BTC-PERPETUAL
Deribit;1596795573;Buy;Market;150;BTC-PERPETUAL
Deribit;1596795574;Buy;Market;150;BTC-PERPETUAL
Deribit;1596795575;Buy;Market;150;BTC-PERPETUAL
Deribit;1596795583;Sell;Market;150;BTC-PERPETUAL
Deribit;1596795584;Sell;Market;150;BTC-PERPETUAL
Deribit;1596795587;Sell;Market;150;BTC-PERPETUAL
Deribit;1596795588;Sell;Market;150;BTC-PERPETUAL
Deribit;1596795669;Buy;Market;150;BTC-PERPETUAL
Deribit;1596795676;Sell;Market;150;BTC-PERPETUAL
Deribit;1596795676;Sell;Market;300;BTC-PERPETUAL
Deribit;1596795677;Sell;Market;300;BTC-PERPETUAL
Deribit;1596795677;Sell;Market;150;BTC-PERPETUAL
Deribit;1596795678;Sell;Market;150;BTC-PERPETUAL
Deribit;1596795678;Sell;Market;300;BTC-PERPETUAL
Deribit;1596795679;Sell;Market;150;BTC-PERPETUAL
Deribit;1596795679;Sell;Market;300;BTC-PERPETUAL
Deribit;1596795703;Sell;Market;150;BTC-PERPETUAL
Deribit;1596795703;Sell;Market;150;BTC-PERPETUAL
Deribit;1596795705;Sell;Market;150;BTC-PERPETUAL
Deribit;1596795705;Sell;Market;150;BTC-PERPETUAL
Deribit;1596795707;Sell;Market;150;BTC-PERPETUAL
Deribit;1596795708;Sell;Market;150;BTC-PERPETUAL
Deribit;1596795709;Sell;Market;150;BTC-PERPETUAL
Deribit;1596795763;Sell;Market;-2550;BTC-PERPETUAL
Deribit;1596795767;Sell;Market;-2550;BTC-PERPETUAL
Deribit;1596795768;Sell;Market;-2550;BTC-PERPETUAL
Deribit;1596795772;Sell;Market;-2550;BTC-PERPETUAL
Deribit;1596795777;Sell;Market;-2550;BTC-PERPETUAL
Deribit;1596795780;Sell;Market;-2550;BTC-PERPETUAL
Deribit;1596795785;Sell;Market;-2550;BTC-PERPETUAL
Deribit;1596795786;Sell;Market;-2550;BTC-PERPETUAL
Deribit;1596795787;Sell;Market;-2550;BTC-PERPETUAL
Deribit;1596795788;Sell;Market;-2550;BTC-PERPETUAL
Deribit;1596795789;Sell;Market;-2550;BTC-PERPETUAL
Deribit;1596795790;Sell;Market;-2550;BTC-PERPETUAL
Deribit;1596795791;Sell;Market;-2550;BTC-PERPETUAL
Deribit;1596795792;Sell;Market;-2550;BTC-PERPETUAL
Deribit;1596795794;Sell;Market;-2550;BTC-PERPETUAL
Deribit;1596795795;Sell;Market;-2550;BTC-PERPETUAL
Deribit;1596795796;Sell;Market;-2550;BTC-PERPETUAL
Deribit;1596795797;Sell;Market;-2550;BTC-PERPETUAL
Deribit;1596795798;Sell;Market;-2550;BTC-PERPETUAL
Deribit;1596795799;Sell;Market;-2550;BTC-PERPETUAL
Deribit;1596795800;Sell;Market;-2550;BTC-PERPETUAL
Deribit;1596795801;Sell;Market;-2550;BTC-PERPETUAL
Deribit;1596795802;Sell;Market;-2550;BTC-PERPETUAL
Deribit;1596795803;Sell;Market;-2550;BTC-PERPETUAL
Deribit;1596795804;Sell;Market;-2550;BTC-PERPETUAL
Deribit;1596795805;Sell;Market;-2550;BTC-PERPETUAL
Deribit;1596795807;Sell;Market;-2550;BTC-PERPETUAL
Deribit;1596795808;Sell;Market;-2550;BTC-PERPETUAL
Deribit;1596795811;Sell;Market;-2550;BTC-PERPETUAL
Deribit;1596795813;Sell;Market;-2550;BTC-PERPETUAL
Deribit;1596795814;Sell;Market;-2550;BTC-PERPETUAL
Deribit;1596795815;Sell;Market;-2550;BTC-PERPETUAL
Deribit;1596795816;Sell;Market;-2550;BTC-PERPETUAL
Deribit;1596795817;Sell;Market;-2550;BTC-PERPETUAL
Deribit;1596795818;Sell;Market;-2550;BTC-PERPETUAL
Deribit;1596795819;Sell;Market;-2550;BTC-PERPETUAL
Deribit;1596795820;Sell;Market;-2550;BTC-PERPETUAL
Deribit;1596795821;Sell;Market;-2550;BTC-PERPETUAL
Deribit;1596795822;Sell;Market;-2550;BTC-PERPETUAL
Deribit;1596795823;Sell;Market;-2550;BTC-PERPETUAL
Deribit;1596795824;Sell;Market;-2550;BTC-PERPETUAL
Deribit;1596795825;Sell;Market;-2550;BTC-PERPETUAL
Deribit;1596795826;Sell;Market;-2550;BTC-PERPETUAL
Deribit;1596795827;Sell;Market;-2550;BTC-PERPETUAL
Deribit;1596795828;Sell;Market;-2550;BTC-PERPETUAL
Deribit;1596795830;Sell;Market;-2550;BTC-PERPETUAL
Deribit;1596795831;Sell;Market;-2550;BTC-PERPETUAL
Deribit;1596795832;Sell;Market;-2550;BTC-PERPETUAL
Deribit;1596795833;Sell;Market;-2550;BTC-PERPETUAL
Deribit;1596795834;Sell;Market;-2550;BTC-PERPETUAL
Deribit;1596795835;Sell;Market;-2550;BTC-PERPETUAL
Deribit;1596795836;Sell;Market;-2550;BTC-PERPETUAL
Deribit;1596795838;Sell;Market;-2550;BTC-PERPETUAL
Deribit;1596795839;Sell;Market;-2550;BTC-PERPETUAL
Deribit;1596795840;Sell;Market;150;BTC-PERPETUAL
Deribit;1596795841;Sell;Market;150;BTC-PERPETUAL
Deribit;1596795843;Sell;Market;150;BTC-PERPETUAL
Deribit;1596795844;Sell;Market;150;BTC-PERPETUAL
Deribit;1596795844;Sell;Market;150;BTC-PERPETUAL
Deribit;1596795847;Sell;Market;150;BTC-PERPETUAL
Deribit;1596795847;Sell;Market;150;BTC-PERPETUAL
Deribit;1596795849;Sell;Market;150;BTC-PERPETUAL
Deribit;1596795850;Sell;Market;-3750;BTC-PERPETUAL
Deribit;1596795853;Sell;Market;150;BTC-PERPETUAL
Deribit;1596795854;Sell;Market;150;BTC-PERPETUAL
Deribit;1596795854;Sell;Market;150;BTC-PERPETUAL
Deribit;1596795856;Sell;Market;150;BTC-PERPETUAL
Deribit;1596795857;Sell;Market;150;BTC-PERPETUAL
Deribit;1596795858;Sell;Market;150;BTC-PERPETUAL
Deribit;1596795859;Sell;Market;150;BTC-PERPETUAL
Deribit;1596795860;Sell;Market;150;BTC-PERPETUAL
Deribit;1596795862;Sell;Market;-4950;BTC-PERPETUAL
Deribit;1596795864;Sell;Market;-4950;BTC-PERPETUAL
Deribit;1596795865;Sell;Market;-4950;BTC-PERPETUAL
Deribit;1596795866;Sell;Market;-4950;BTC-PERPETUAL
Deribit;1596795867;Sell;Market;-4950;BTC-PERPETUAL
Deribit;1596795868;Sell;Market;-4950;BTC-PERPETUAL
Deribit;1596795869;Sell;Market;-4950;BTC-PERPETUAL
Deribit;1596795870;Sell;Market;-4950;BTC-PERPETUAL
Deribit;1596795871;Sell;Market;-4950;BTC-PERPETUAL
Deribit;1596795872;Sell;Market;-4950;BTC-PERPETUAL
Deribit;1596795873;Sell;Market;-4950;BTC-PERPETUAL
Deribit;1596795875;Sell;Market;-4950;BTC-PERPETUAL
Deribit;1596795876;Sell;Market;-4950;BTC-PERPETUAL
Deribit;1596795877;Sell;Market;-4950;BTC-PERPETUAL
Deribit;1596795878;Sell;Market;-4950;BTC-PERPETUAL
Deribit;1596795879;Sell;Market;-4950;BTC-PERPETUAL
Deribit;1596795880;Sell;Market;-4950;BTC-PERPETUAL
Deribit;1596795881;Sell;Market;-4950;BTC-PERPETUAL
Deribit;1596795882;Sell;Market;-4950;BTC-PERPETUAL
Deribit;1596795883;Sell;Market;-4950;BTC-PERPETUAL
Deribit;1596795884;Sell;Market;-4950;BTC-PERPETUAL
Deribit;1596795885;Sell;Market;-4950;BTC-PERPETUAL
Deribit;1596795886;Sell;Market;-4950;BTC-PERPETUAL
Deribit;1596795887;Sell;Market;-4950;BTC-PERPETUAL
Deribit;1596795888;Sell;Market;-4950;BTC-PERPETUAL
Deribit;1596795889;Sell;Market;-4950;BTC-PERPETUAL
Deribit;1596795890;Sell;Market;-4950;BTC-PERPETUAL
Deribit;1596795891;Sell;Market;-4950;BTC-PERPETUAL
Deribit;1596795892;Sell;Market;-4950;BTC-PERPETUAL
Deribit;1596795893;Sell;Market;-4950;BTC-PERPETUAL
Deribit;1596795901;Sell;Market;-4950;BTC-PERPETUAL
Deribit;1596795901;Buy;Market;-4950;BTC-PERPETUAL
Deribit;1596795901;Buy;Market;150;BTC-PERPETUAL
Deribit;1596795903;Sell;Market;-4800;BTC-PERPETUAL
Deribit;1596795903;Buy;Market;150;BTC-PERPETUAL
Deribit;1596795903;Buy;Market;-4800;BTC-PERPETUAL
Deribit;1596795904;Sell;Market;-4800;BTC-PERPETUAL
Deribit;1596795904;Buy;Market;150;BTC-PERPETUAL
Deribit;1596795904;Buy;Market;-4800;BTC-PERPETUAL
Deribit;1596795905;Sell;Market;-4650;BTC-PERPETUAL
Deribit;1596795905;Buy;Market;150;BTC-PERPETUAL
Deribit;1596795905;Buy;Market;-4650;BTC-PERPETUAL
Deribit;1596795906;Sell;Market;-4500;BTC-PERPETUAL
Deribit;1596795906;Buy;Market;150;BTC-PERPETUAL
Deribit;1596795906;Buy;Market;-4500;BTC-PERPETUAL
Deribit;1596795907;Sell;Market;-4350;BTC-PERPETUAL
Deribit;1596795907;Buy;Market;150;BTC-PERPETUAL
Deribit;1596795907;Buy;Market;-4350;BTC-PERPETUAL
Deribit;1596795908;Sell;Market;-4200;BTC-PERPETUAL
Deribit;1596795908;Buy;Market;150;BTC-PERPETUAL
Deribit;1596795908;Buy;Market;-4200;BTC-PERPETUAL
Deribit;1596795911;Sell;Market;-3900;BTC-PERPETUAL
Deribit;1596795911;Buy;Market;150;BTC-PERPETUAL
Deribit;1596795911;Buy;Market;-3900;BTC-PERPETUAL
Deribit;1596795912;Sell;Market;-3900;BTC-PERPETUAL
Deribit;1596795912;Buy;Market;150;BTC-PERPETUAL
Deribit;1596795912;Buy;Market;-3900;BTC-PERPETUAL
Deribit;1596795913;Sell;Market;-3750;BTC-PERPETUAL
Deribit;1596795913;Buy;Market;150;BTC-PERPETUAL
Deribit;1596795913;Buy;Market;-3750;BTC-PERPETUAL
Deribit;1596795914;Sell;Market;-3600;BTC-PERPETUAL
Deribit;1596795914;Buy;Market;150;BTC-PERPETUAL
Deribit;1596795914;Buy;Market;-3600;BTC-PERPETUAL
Deribit;1596795916;Sell;Market;-3450;BTC-PERPETUAL
Deribit;1596795916;Buy;Market;150;BTC-PERPETUAL
Deribit;1596795916;Buy;Market;-3450;BTC-PERPETUAL
Deribit;1596795917;Sell;Market;-3300;BTC-PERPETUAL
Deribit;1596795917;Buy;Market;150;BTC-PERPETUAL
Deribit;1596795917;Buy;Market;-3300;BTC-PERPETUAL
Deribit;1596795918;Sell;Market;-3300;BTC-PERPETUAL
Deribit;1596795918;Buy;Market;150;BTC-PERPETUAL
Deribit;1596795918;Buy;Market;-3300;BTC-PERPETUAL
Deribit;1596795919;Sell;Market;-3300;BTC-PERPETUAL
Deribit;1596795919;Buy;Market;150;BTC-PERPETUAL
Deribit;1596795919;Buy;Market;-3300;BTC-PERPETUAL
Deribit;1596795921;Sell;Market;-2700;BTC-PERPETUAL
Deribit;1596795921;Buy;Market;150;BTC-PERPETUAL
Deribit;1596795921;Buy;Market;-2700;BTC-PERPETUAL
Deribit;1596795922;Sell;Market;-2700;BTC-PERPETUAL
Deribit;1596795922;Buy;Market;150;BTC-PERPETUAL
Deribit;1596795922;Buy;Market;-2700;BTC-PERPETUAL
Deribit;1596795923;Sell;Market;-2400;BTC-PERPETUAL
Deribit;1596795923;Buy;Market;150;BTC-PERPETUAL
Deribit;1596795923;Buy;Market;-2400;BTC-PERPETUAL
Deribit;1596795924;Sell;Market;-2400;BTC-PERPETUAL
Deribit;1596795924;Buy;Market;150;BTC-PERPETUAL
Deribit;1596795924;Buy;Market;-2400;BTC-PERPETUAL
Deribit;1596795933;Sell;Market;-2100;BTC-PERPETUAL
Deribit;1596795933;Buy;Market;150;BTC-PERPETUAL
Deribit;1596795933;Buy;Market;-2100;BTC-PERPETUAL
Deribit;1596795934;Sell;Market;-1950;BTC-PERPETUAL
Deribit;1596795934;Buy;Market;150;BTC-PERPETUAL
Deribit;1596795934;Buy;Market;-1950;BTC-PERPETUAL
Deribit;1596795935;Sell;Market;-1800;BTC-PERPETUAL
Deribit;1596795935;Buy;Market;150;BTC-PERPETUAL
Deribit;1596795935;Buy;Market;-1800;BTC-PERPETUAL
Deribit;1596795936;Sell;Market;-1650;BTC-PERPETUAL
Deribit;1596795936;Buy;Market;150;BTC-PERPETUAL
Deribit;1596795936;Buy;Market;-1650;BTC-PERPETUAL
Deribit;1596795937;Sell;Market;-1500;BTC-PERPETUAL
Deribit;1596795937;Buy;Market;150;BTC-PERPETUAL
Deribit;1596795937;Buy;Market;-1500;BTC-PERPETUAL
Deribit;1596795938;Sell;Market;-1350;BTC-PERPETUAL
Deribit;1596795938;Buy;Market;150;BTC-PERPETUAL
Deribit;1596795938;Buy;Market;-1350;BTC-PERPETUAL
Deribit;1596795939;Sell;Market;-1200;BTC-PERPETUAL
Deribit;1596795939;Buy;Market;150;BTC-PERPETUAL
Deribit;1596795939;Buy;Market;-1200;BTC-PERPETUAL
Deribit;1596795940;Sell;Market;-1200;BTC-PERPETUAL
Deribit;1596795940;Buy;Market;150;BTC-PERPETUAL
Deribit;1596795940;Buy;Market;-1200;BTC-PERPETUAL
Deribit;1596795943;Sell;Market;-900;BTC-PERPETUAL
Deribit;1596795943;Buy;Market;150;BTC-PERPETUAL
Deribit;1596795943;Buy;Market;-900;BTC-PERPETUAL
Deribit;1596795944;Sell;Market;-750;BTC-PERPETUAL
Deribit;1596795944;Buy;Market;150;BTC-PERPETUAL
Deribit;1596795944;Buy;Market;-750;BTC-PERPETUAL
Deribit;1596795950;Sell;Market;-600;BTC-PERPETUAL
Deribit;1596795950;Buy;Market;150;BTC-PERPETUAL
Deribit;1596795950;Buy;Market;-600;BTC-PERPETUAL
Deribit;1596795951;Sell;Market;-600;BTC-PERPETUAL
Deribit;1596795951;Buy;Market;150;BTC-PERPETUAL
Deribit;1596795951;Buy;Market;-600;BTC-PERPETUAL
Deribit;1596795952;Buy;Market;150;BTC-PERPETUAL
Deribit;1596795952;Buy;Market;-600;BTC-PERPETUAL
Deribit;1596795952;Sell;Market;-600;BTC-PERPETUAL
Deribit;1596795978;Buy;Market;150;BTC-PERPETUAL
Deribit;1596795978;Buy;Market;-150;BTC-PERPETUAL
Deribit;1596795979;Buy;Market;150;BTC-PERPETUAL
Deribit;1596795980;Buy;Market;150;BTC-PERPETUAL
Deribit;1596796008;Sell;Market;150;BTC-PERPETUAL
Deribit;1596796008;Sell;Market;300;BTC-PERPETUAL
Deribit;1596796011;Sell;Market;150;BTC-PERPETUAL
Deribit;1596796011;Sell;Market;300;BTC-PERPETUAL
Deribit;1596796012;Sell;Market;150;BTC-PERPETUAL
Deribit;1596796012;Sell;Market;300;BTC-PERPETUAL
Deribit;1596796013;Sell;Market;150;BTC-PERPETUAL
Deribit;1596796013;Sell;Market;300;BTC-PERPETUAL
Deribit;1596796014;Sell;Market;150;BTC-PERPETUAL
Deribit;1596796014;Sell;Market;300;BTC-PERPETUAL
Deribit;1596796015;Sell;Market;150;BTC-PERPETUAL
Deribit;1596796015;Sell;Market;300;BTC-PERPETUAL
Deribit;1596796027;Buy;Market;150;BTC-PERPETUAL
Deribit;1596796027;Buy;Market;-2400;BTC-PERPETUAL
Deribit;1596796028;Buy;Market;150;BTC-PERPETUAL
Deribit;1596796028;Buy;Market;-2400;BTC-PERPETUAL
Deribit;1596796029;Buy;Market;150;BTC-PERPETUAL
Deribit;1596796029;Buy;Market;-2400;BTC-PERPETUAL
Deribit;1596796030;Buy;Market;150;BTC-PERPETUAL
Deribit;1596796030;Buy;Market;-2100;BTC-PERPETUAL
Deribit;1596796031;Buy;Market;150;BTC-PERPETUAL
Deribit;1596796031;Buy;Market;-1950;BTC-PERPETUAL
Deribit;1596796033;Buy;Market;150;BTC-PERPETUAL
Deribit;1596796033;Buy;Market;-1650;BTC-PERPETUAL
Deribit;1596796034;Buy;Market;150;BTC-PERPETUAL
Deribit;1596796034;Buy;Market;-1650;BTC-PERPETUAL
Deribit;1596796035;Buy;Market;150;BTC-PERPETUAL
Deribit;1596796035;Buy;Market;-1500;BTC-PERPETUAL
Deribit;1596796036;Buy;Market;150;BTC-PERPETUAL
Deribit;1596796036;Buy;Market;-1350;BTC-PERPETUAL
Deribit;1596796037;Buy;Market;150;BTC-PERPETUAL
Deribit;1596796037;Buy;Market;-1200;BTC-PERPETUAL
Deribit;1596796038;Buy;Market;150;BTC-PERPETUAL
Deribit;1596796038;Buy;Market;-1050;BTC-PERPETUAL
Deribit;1596796042;Buy;Market;150;BTC-PERPETUAL
Deribit;1596796042;Buy;Market;-900;BTC-PERPETUAL
Deribit;1596796044;Buy;Market;150;BTC-PERPETUAL
Deribit;1596796044;Buy;Market;-900;BTC-PERPETUAL
Deribit;1596796047;Buy;Market;150;BTC-PERPETUAL
Deribit;1596796047;Buy;Market;-450;BTC-PERPETUAL
Deribit;1596796048;Buy;Market;150;BTC-PERPETUAL
Deribit;1596796048;Buy;Market;-450;BTC-PERPETUAL
Deribit;1596796052;Buy;Market;150;BTC-PERPETUAL
Deribit;1596796052;Buy;Market;-150;BTC-PERPETUAL
Deribit;1596796054;Buy;Market;150;BTC-PERPETUAL
Deribit;1596796054;Buy;Market;-150;BTC-PERPETUAL
Deribit;1596796055;Buy;Market;150;BTC-PERPETUAL
Deribit;1596796055;Buy;Market;-150;BTC-PERPETUAL
Deribit;1596796056;Buy;Market;150;BTC-PERPETUAL
Deribit;1596796056;Buy;Market;-150;BTC-PERPETUAL
Deribit;1596796161;Sell;Market;150;BTC-PERPETUAL
Deribit;1596796161;Sell;Market;450;BTC-PERPETUAL
Deribit;1596796166;Buy;Market;150;BTC-PERPETUAL
Deribit;1596796166;Buy;Market;-150;BTC-PERPETUAL
Deribit;1596796168;Buy;Market;150;BTC-PERPETUAL
Deribit;1596796168;Buy;Market;-150;BTC-PERPETUAL
Deribit;1596796169;Buy;Market;150;BTC-PERPETUAL
Deribit;1596796188;Sell;Market;150;BTC-PERPETUAL
Deribit;1596796190;Sell;Market;150;BTC-PERPETUAL
Deribit;1596796191;Sell;Market;150;BTC-PERPETUAL
Deribit;1596796305;Buy;Market;150;BTC-PERPETUAL
Deribit;1596796305;Buy;Market;-150;BTC-PERPETUAL
Deribit;1596796306;Buy;Market;150;BTC-PERPETUAL
Deribit;1596796306;Buy;Market;-150;BTC-PERPETUAL
Deribit;1596796321;Sell;Market;150;BTC-PERPETUAL
Deribit;1596796321;Sell;Market;150;BTC-PERPETUAL
Deribit;1596796322;Sell;Market;150;BTC-PERPETUAL
Deribit;1596796322;Sell;Market;150;BTC-PERPETUAL
Deribit;1596796326;Sell;Market;150;BTC-PERPETUAL
Deribit;1596796326;Sell;Market;150;BTC-PERPETUAL
Deribit;1596796378;Buy;Market;150;BTC-PERPETUAL
Deribit;1596796378;Buy;Market;-750;BTC-PERPETUAL
Deribit;1596796379;Buy;Market;150;BTC-PERPETUAL
Deribit;1596796379;Buy;Market;-600;BTC-PERPETUAL
Deribit;1596796380;Buy;Market;150;BTC-PERPETUAL
Deribit;1596796380;Buy;Market;-600;BTC-PERPETUAL
Deribit;1596796381;Buy;Market;150;BTC-PERPETUAL
Deribit;1596796381;Buy;Market;-300;BTC-PERPETUAL
Deribit;1596796384;Buy;Market;150;BTC-PERPETUAL
Deribit;1596796384;Buy;Market;-150;BTC-PERPETUAL
Deribit;1596796387;Buy;Market;150;BTC-PERPETUAL
Deribit;1596796388;Buy;Market;150;BTC-PERPETUAL
Deribit;1596797855;Sell;Market;150;BTC-PERPETUAL
Deribit;1596797858;Sell;Market;150;BTC-PERPETUAL
Deribit;1596797859;Sell;Market;150;BTC-PERPETUAL
Deribit;1596797860;Buy;Market;150;BTC-PERPETUAL
Deribit;1596797861;Sell;Market;150;BTC-PERPETUAL
Deribit;1596797862;Sell;Market;150;BTC-PERPETUAL
Deribit;1596797863;Sell;Market;150;BTC-PERPETUAL
Deribit;1596797864;Buy;Market;150;BTC-PERPETUAL
Deribit;1596797865;Sell;Market;150;BTC-PERPETUAL
Deribit;1596797866;Sell;Market;150;BTC-PERPETUAL
Deribit;1596797868;Sell;Market;-3750;BTC-PERPETUAL
Deribit;1596797870;Sell;Market;-3750;BTC-PERPETUAL
Deribit;1596797872;Sell;Market;-3750;BTC-PERPETUAL
Deribit;1596797873;Sell;Market;-3750;BTC-PERPETUAL
Deribit;1596797873;Buy;Market;150;BTC-PERPETUAL
Deribit;1596797873;Buy;Market;-3750;BTC-PERPETUAL
Deribit;1596797874;Sell;Market;-3750;BTC-PERPETUAL
Deribit;1596797876;Sell;Market;-3750;BTC-PERPETUAL
Deribit;1596797877;Sell;Market;-3750;BTC-PERPETUAL
Deribit;1596797877;Buy;Market;150;BTC-PERPETUAL
Deribit;1596797877;Buy;Market;-3750;BTC-PERPETUAL
Deribit;1596797878;Sell;Market;-3750;BTC-PERPETUAL
Deribit;1596797879;Sell;Market;-3750;BTC-PERPETUAL
Deribit;1596797881;Sell;Market;-3450;BTC-PERPETUAL
Deribit;1596797882;Sell;Market;-3450;BTC-PERPETUAL
Deribit;1596797883;Sell;Market;-3450;BTC-PERPETUAL
Deribit;1596797884;Sell;Market;-3450;BTC-PERPETUAL
Deribit;1596797885;Sell;Market;-3450;BTC-PERPETUAL
Deribit;1596797887;Sell;Market;-3450;BTC-PERPETUAL
Deribit;1596797888;Sell;Market;-3450;BTC-PERPETUAL
Deribit;1596797891;Sell;Market;-3450;BTC-PERPETUAL
Deribit;1596797893;Sell;Market;-3450;BTC-PERPETUAL
Deribit;1596797895;Sell;Market;-3450;BTC-PERPETUAL
Deribit;1596797897;Sell;Market;-3450;BTC-PERPETUAL
Deribit;1596797898;Sell;Market;-3450;BTC-PERPETUAL
Deribit;1596797907;Sell;Market;-3450;BTC-PERPETUAL
Deribit;1596797908;Sell;Market;-3450;BTC-PERPETUAL
Deribit;1596797913;Sell;Market;-3450;BTC-PERPETUAL
Deribit;1596797941;Sell;Market;-3450;BTC-PERPETUAL
Deribit;1596797959;Sell;Market;-3450;BTC-PERPETUAL
Deribit;1596797959;Buy;Market;150;BTC-PERPETUAL
Deribit;1596797959;Buy;Market;-3450;BTC-PERPETUAL
Deribit;1596797963;Sell;Market;-3300;BTC-PERPETUAL
Deribit;1596797963;Buy;Market;150;BTC-PERPETUAL
Deribit;1596797963;Buy;Market;-3300;BTC-PERPETUAL
Deribit;1596797964;Sell;Market;-3300;BTC-PERPETUAL
Deribit;1596797964;Buy;Market;150;BTC-PERPETUAL
Deribit;1596797964;Buy;Market;-3300;BTC-PERPETUAL
Deribit;1596797965;Sell;Market;-3300;BTC-PERPETUAL
Deribit;1596797965;Buy;Market;150;BTC-PERPETUAL
Deribit;1596797965;Buy;Market;-3300;BTC-PERPETUAL
Deribit;1596797966;Sell;Market;-3300;BTC-PERPETUAL
Deribit;1596797966;Buy;Market;150;BTC-PERPETUAL
Deribit;1596797966;Buy;Market;-3300;BTC-PERPETUAL
Deribit;1596797969;Sell;Market;-3300;BTC-PERPETUAL
Deribit;1596797969;Buy;Market;150;BTC-PERPETUAL
Deribit;1596797969;Buy;Market;-3300;BTC-PERPETUAL
Deribit;1596797970;Sell;Market;-3300;BTC-PERPETUAL
Deribit;1596797970;Buy;Market;150;BTC-PERPETUAL
Deribit;1596797970;Buy;Market;-3300;BTC-PERPETUAL
Deribit;1596797971;Sell;Market;-3300;BTC-PERPETUAL
Deribit;1596797971;Buy;Market;150;BTC-PERPETUAL
Deribit;1596797971;Buy;Market;-3300;BTC-PERPETUAL
Deribit;1596797972;Sell;Market;-3300;BTC-PERPETUAL
Deribit;1596797972;Buy;Market;150;BTC-PERPETUAL
Deribit;1596797972;Buy;Market;-3300;BTC-PERPETUAL
Deribit;1596797973;Sell;Market;-3300;BTC-PERPETUAL
Deribit;1596797973;Buy;Market;150;BTC-PERPETUAL
Deribit;1596797973;Buy;Market;-3300;BTC-PERPETUAL
Deribit;1596797976;Sell;Market;-3300;BTC-PERPETUAL
Deribit;1596797976;Buy;Market;150;BTC-PERPETUAL
Deribit;1596797976;Buy;Market;-3300;BTC-PERPETUAL
Deribit;1596797977;Sell;Market;-3300;BTC-PERPETUAL
Deribit;1596797977;Buy;Market;150;BTC-PERPETUAL
Deribit;1596797977;Buy;Market;-3300;BTC-PERPETUAL
Deribit;1596797978;Sell;Market;-3300;BTC-PERPETUAL
Deribit;1596797978;Buy;Market;150;BTC-PERPETUAL
Deribit;1596797978;Buy;Market;-3300;BTC-PERPETUAL
Deribit;1596797980;Sell;Market;-3300;BTC-PERPETUAL
Deribit;1596797980;Buy;Market;150;BTC-PERPETUAL
Deribit;1596797980;Buy;Market;-3300;BTC-PERPETUAL
Deribit;1596797991;Sell;Market;1950;BTC-PERPETUAL
Deribit;1596797992;Buy;Market;150;BTC-PERPETUAL
Deribit;1596797993;Buy;Market;150;BTC-PERPETUAL
Deribit;1596797994;Buy;Market;150;BTC-PERPETUAL
Deribit;1596797995;Buy;Market;150;BTC-PERPETUAL
Deribit;1596797996;Buy;Market;150;BTC-PERPETUAL
Deribit;1596797997;Buy;Market;150;BTC-PERPETUAL
Deribit;1596797998;Buy;Market;150;BTC-PERPETUAL
Deribit;1596798000;Buy;Market;150;BTC-PERPETUAL
Deribit;1596798001;Buy;Market;150;BTC-PERPETUAL
Deribit;1596798002;Buy;Market;150;BTC-PERPETUAL
Deribit;1596798003;Buy;Market;150;BTC-PERPETUAL
Deribit;1596798004;Buy;Market;150;BTC-PERPETUAL
Deribit;1596798004;Buy;Market;150;BTC-PERPETUAL
Deribit;1596798006;Buy;Market;150;BTC-PERPETUAL
Deribit;1596798007;Buy;Market;150;BTC-PERPETUAL
Deribit;1596798008;Buy;Market;150;BTC-PERPETUAL
Deribit;1596798009;Buy;Market;150;BTC-PERPETUAL
Deribit;1596798010;Buy;Market;150;BTC-PERPETUAL
Deribit;1596798011;Buy;Market;150;BTC-PERPETUAL
Deribit;1596798078;Sell;Market;2850;BTC-PERPETUAL
Deribit;1596798079;Buy;Market;150;BTC-PERPETUAL
Deribit;1596798147;Sell;Market;150;BTC-PERPETUAL
Deribit;1596798147;Sell;Market;150;BTC-PERPETUAL
Deribit;1596798154;Sell;Market;150;BTC-PERPETUAL
Deribit;1596798154;Sell;Market;150;BTC-PERPETUAL
Deribit;1596798155;Sell;Market;150;BTC-PERPETUAL
Deribit;1596798155;Sell;Market;150;BTC-PERPETUAL
Deribit;1596798156;Sell;Market;150;BTC-PERPETUAL
Deribit;1596798156;Sell;Market;150;BTC-PERPETUAL
Deribit;1596798173;Buy;Market;150;BTC-PERPETUAL
Deribit;1596798173;Buy;Market;-1050;BTC-PERPETUAL
Deribit;1596798175;Buy;Market;150;BTC-PERPETUAL
Deribit;1596798175;Buy;Market;-1050;BTC-PERPETUAL
Deribit;1596798176;Buy;Market;150;BTC-PERPETUAL
Deribit;1596798176;Buy;Market;-1050;BTC-PERPETUAL
Deribit;1596798182;Buy;Market;150;BTC-PERPETUAL
Deribit;1596798182;Buy;Market;-600;BTC-PERPETUAL
Deribit;1596798187;Buy;Market;150;BTC-PERPETUAL
Deribit;1596798187;Buy;Market;-450;BTC-PERPETUAL
Deribit;1596798189;Buy;Market;150;BTC-PERPETUAL
Deribit;1596798189;Buy;Market;-300;BTC-PERPETUAL
Deribit;1596798190;Buy;Market;150;BTC-PERPETUAL
Deribit;1596798190;Buy;Market;-300;BTC-PERPETUAL
Deribit;1596798200;Sell;Market;150;BTC-PERPETUAL
Deribit;1596798346;Buy;Market;150;BTC-PERPETUAL
Deribit;1596798347;Buy;Market;150;BTC-PERPETUAL
Deribit;1596798349;Buy;Market;150;BTC-PERPETUAL
Deribit;1596798350;Buy;Market;150;BTC-PERPETUAL
Deribit;1596798351;Buy;Market;150;BTC-PERPETUAL
Deribit;1596798352;Buy;Market;150;BTC-PERPETUAL
Deribit;1596798353;Buy;Market;150;BTC-PERPETUAL
Deribit;1596798388;Sell;Market;150;BTC-PERPETUAL
Deribit;1596798388;Sell;Market;900;BTC-PERPETUAL
Deribit;1596798390;Buy;Market;150;BTC-PERPETUAL
Deribit;1596798390;Buy;Market;-150;BTC-PERPETUAL
Deribit;1596798391;Buy;Market;150;BTC-PERPETUAL
Deribit;1596798459;Sell;Market;150;BTC-PERPETUAL
Deribit;1596798461;Sell;Market;150;BTC-PERPETUAL
Deribit;1596798463;Sell;Market;150;BTC-PERPETUAL
Deribit;1596798489;Buy;Market;150;BTC-PERPETUAL
Deribit;1596798489;Buy;Market;-300;BTC-PERPETUAL
Deribit;1596798490;Buy;Market;150;BTC-PERPETUAL
Deribit;1596798490;Buy;Market;-300;BTC-PERPETUAL
Deribit;1596798491;Buy;Market;150;BTC-PERPETUAL
Deribit;1596798491;Buy;Market;-150;BTC-PERPETUAL
Deribit;1596798492;Buy;Market;150;BTC-PERPETUAL
Deribit;1596798492;Buy;Market;-150;BTC-PERPETUAL
Deribit;1596798493;Buy;Market;150;BTC-PERPETUAL
Deribit;1596798493;Buy;Market;-150;BTC-PERPETUAL
Deribit;1596798581;Sell;Market;150;BTC-PERPETUAL
Deribit;1596798583;Sell;Market;150;BTC-PERPETUAL
Deribit;1596798584;Sell;Market;150;BTC-PERPETUAL
Deribit;1596798585;Sell;Market;150;BTC-PERPETUAL
Deribit;1596798588;Sell;Market;150;BTC-PERPETUAL
Deribit;1596798590;Sell;Market;150;BTC-PERPETUAL
Deribit;1596798592;Sell;Market;150;BTC-PERPETUAL
Deribit;1596798594;Sell;Market;150;BTC-PERPETUAL
Deribit;1596798597;Sell;Market;150;BTC-PERPETUAL
Deribit;1596798598;Sell;Market;150;BTC-PERPETUAL
Deribit;1596798599;Sell;Market;150;BTC-PERPETUAL
Deribit;1596798600;Sell;Market;150;BTC-PERPETUAL
Deribit;1596798601;Sell;Market;150;BTC-PERPETUAL
Deribit;1596798602;Sell;Market;150;BTC-PERPETUAL
Deribit;1596798603;Sell;Market;150;BTC-PERPETUAL
Deribit;1596798604;Sell;Market;150;BTC-PERPETUAL
Deribit;1596798605;Sell;Market;150;BTC-PERPETUAL
Deribit;1596798606;Sell;Market;150;BTC-PERPETUAL
Deribit;1596798607;Sell;Market;150;BTC-PERPETUAL
Deribit;1596798608;Sell;Market;150;BTC-PERPETUAL
Deribit;1596798609;Sell;Market;150;BTC-PERPETUAL
Deribit;1596798610;Sell;Market;150;BTC-PERPETUAL
Deribit;1596798611;Sell;Market;150;BTC-PERPETUAL
Deribit;1596798612;Sell;Market;150;BTC-PERPETUAL
Deribit;1596798613;Sell;Market;150;BTC-PERPETUAL
Deribit;1596798614;Sell;Market;-3150;BTC-PERPETUAL
Deribit;1596798616;Sell;Market;-3300;BTC-PERPETUAL
Deribit;1596798617;Sell;Market;-3300;BTC-PERPETUAL
Deribit;1596798618;Sell;Market;-3300;BTC-PERPETUAL
Deribit;1596798619;Sell;Market;-3300;BTC-PERPETUAL
Deribit;1596798620;Sell;Market;-3300;BTC-PERPETUAL
Deribit;1596798621;Sell;Market;-3300;BTC-PERPETUAL
Deribit;1596798622;Sell;Market;-3300;BTC-PERPETUAL
Deribit;1596798623;Sell;Market;-3300;BTC-PERPETUAL
Deribit;1596798624;Sell;Market;-3300;BTC-PERPETUAL
Deribit;1596798626;Sell;Market;-3300;BTC-PERPETUAL
Deribit;1596798628;Sell;Market;-3300;BTC-PERPETUAL
Deribit;1596798630;Sell;Market;-3300;BTC-PERPETUAL
Deribit;1596798631;Sell;Market;-3300;BTC-PERPETUAL
Deribit;1596798632;Sell;Market;-3300;BTC-PERPETUAL
Deribit;1596798633;Sell;Market;-3300;BTC-PERPETUAL
Deribit;1596798634;Sell;Market;-3300;BTC-PERPETUAL
Deribit;1596798635;Sell;Market;-3300;BTC-PERPETUAL
Deribit;1596798636;Sell;Market;-3300;BTC-PERPETUAL
Deribit;1596798637;Sell;Market;-3300;BTC-PERPETUAL
Deribit;1596798640;Sell;Market;-3300;BTC-PERPETUAL
